Market,ISIN,Symbol,Name,Currency,AUM,Replication,Fee,Dividend
DEU-XETRA,DE000A0S9GB0,4GLD:GR,XETRA GOLD  (4GLD GR ETF),EUR,13810,Fizyczna,"0,36",Nie wypłaca
DEU-XETRA,JE00B1VS3770,VZLD:GR,WISDOMTREE PHYSICAL GOLD (VZLD GR ETF),EUR,4348,Fizyczna,"0,39",Nie wypłaca
DEU-XETRA,DE000A1E0HR8,XAD5:GR,XTRACKERS PHYSICAL GOLD ETC EUR (XAD5 GR ETF),EUR,2018,Fizyczna,"0,25",Nie wypłaca
DEU-XETRA,DE000A1EK0G3,XAD1:GR,DB-X PHYSICAL GOLD EURO HEDGED ETC (XAD1 GR ETF),EUR,1380,Fizyczna,"0,59",Nie wypłaca
DEU-XETRA,JE00B1VS3333,VZLC:GR,WISDOMTREE PHYSICAL SILVER (VZLC GR ETF),EUR,1229,Fizyczna,"0,49",Nie wypłaca
DEU-XETRA,JE00B1VS2W53,VZLA:GR,WISDOMTREE PHYSICAL PLATINUM (VZLA GR ETF),EUR,378,Fizyczna,"0,49",Nie wypłaca
GBR-LSE,IE00B4ND3602,SGLN:LN,ISHARES PHYSICAL GOLD ETC (SGLN LN ETF),GBP,13841,Fizyczna,"0,12",Nie wypłaca
GBR-LSE,JE00B1VS3770,PHAU:LN,WISDOMTREE PHYSICAL GOLD (PHAU LN ETF),USD,4348,Fizyczna,"0,39",Nie wypłaca
GBR-LSE,JE00B1VS3333,PHAG:LN,WISDOMTREE PHYSICAL SILVER (PHAG LN ETF),USD,1229,Fizyczna,"0,49",Nie wypłaca
GBR-LSE,IE00B4NCWG09,ISLN:LN,ISHARES PHYSICAL SILVER ETC (ISLN LN ETF),USD,453,Fizyczna,"0,20",Nie wypłaca
GBR-LSE,JE00B1VS2W53,PHPT:LN,WISDOMTREE PHYSICAL PLATINUM (PHPT LN ETF),USD,378,Fizyczna,"0,49",Nie wypłaca
GBR-LSE,XS2115336336,RMAU:LN,THE ROYAL MINT PHYSICAL GOLD ETC SECURITIES (RMAU LN ETF),USD,828,Fizyczna,"0,25",Nie wypłaca
GBR-LSE,JE00B1VS3002,PHPD:LN,WISDOMTREE PHYSICAL PALLADIUM (PHPD LN ETF),USD,110,Fizyczna,"0,49",Nie wypłaca
GBR-LSE,JE00B1VS3W29,PHPM:LN,WISDOMTREE PHYSICAL PRECIOUS METALS (PHPM LN ETF),USD,135,Fizyczna,"0,44",Nie wypłaca
DEU-XETRA,IE000NDWFGA5,URNU:GR,GLOBAL X URANIUM UCITS ETF (URNU GR ETF),EUR,68,Fizyczna,"0,65",Nie wypłaca
DEU-XETRA,DE000A0Q4R28,EXV5:GR,ISHARES STOXX EUROPE 600 AUTOMOBILES & PARTS UCITS (EXV5 GR ETF),EUR,138,Fizyczna,"0,46",b. d.
GBR-LSE,IE00B4MCHD36,IUCD:LN,ISHARES S&P 500 CONSUMER DISCRETIONARY SECTOR UCITS ETF ACC  (IUCD LN ETF),USD,416,Fizyczna,"0,15",Nie wypłaca
DEU-XETRA,DE000A0H08S0,EXV9:GR,ISHARES STOXX EUROPE 600 TRAVEL & LEISURE UCITS (EXV9 GR ETF),EUR,148,Fizyczna,"0,46",Kwartalnie
DEU-XETRA,IE00BM67HP23,XDWC:GR,DB X-TRACKERS MSCI WORLD CONSUMER DISCRETIONARY UCITS (XDWC GR ETF),EUR,158,Fizyczna,"0,25",Nie wypłaca
DEU-XETRA,DE000A0H08H3,EXH3:GR,ISHARES STOXX EUROPE 600 FOOD UCITS (EXH3 GR ETF),EUR,271,Fizyczna,"0,46",Kwartalnie
DEU-XETRA,IE00BM67HN09,XDWS:GR,DB X-TRACKERS MSCI WORLD CONSUMER STAPLES UCITS (XDWS GR ETF),EUR,863,Fizyczna,"0,25",b. d.
GBR-LSE,IE00B40B8R38,IUCS:LN,ISHARES S&P 500 CONSUMER STAPLES SECTOR UCITS ETF (IUCS LN ETF),USD,595,Fizyczna,"0,15",Nie wypłaca
DEU-XETRA,LU0292105359,DXSK:GR,DB X-TRACKERS STOXX EUROPE 600 FOOD & BEVERAGE UCITS (DXSK GR ETF),EUR,80,Fizyczna,"0,20",Nie wypłaca
DEU-XETRA,DE000A0H08M3,EXH1:GR,ISHARES STOXX EUROPE 600 OIL & GAS UCITS (EXH1 GR ETF),EUR,910,Fizyczna,"0,46",Kwartalnie
DEU-XETRA,FR0010524777,LYM9:GR,LYXOR NEW ENERGY UCITS (LYM9 GR ETF),EUR,1053,Fizyczna,"0,60",Rocznie
DEU-XETRA,IE00BM67HM91,XDW0:GR,DB X-TRACKERS MSCI WORLD ENERGY UCITS (XDW0 GR ETF),EUR,1237,Fizyczna,"0,25",Nie wypłaca
DEU-XETRA,IE00B42NKQ00,QDVF:GR,ISHARES S&P 500 ENERGY SECTOR UCITS (QDVF GR ETF),EUR,977,Fizyczna,"0,15",Nie wypłaca
DEU-XETRA,IE00BMYDM794,HTMW:GR,L&G HYDROGEN ECONOMY UCITS (HTMW GR ETF),EUR,481,Fizyczna,"0,49",Nie wypłaca
DEU-XETRA,IE00BKWQ0F09,SPYN:GR,SPDR MSCI EUROPE ENERGY UCITS (SPYN GR ETF),EUR,1183,Fizyczna,"0,18",Nie wypłaca
GBR-LSE,IE00B42NKQ00,IUES:LN,ISHARES S&P 500 ENERGY SECTOR UCITS ETF (ACC) (IUES LN ETF),USD,977,Fizyczna,"0,15",Nie wypłaca
GBR-LSE,IE00BYTRR863,WNRG:LN,SPDR WORLD ENERGY UCITS (WNRG LN ETF),USD,465,Fizyczna,"0,30",Nie wypłaca
GBR-LSE,IE00B6R51Z18,SPOG:LN,ISHARES OIL & GAS EXPLORATION & PRODUCTION UCITS (SPOG LN ETF),GBP,346,Fizyczna,"0,55",Nie wypłaca
GBR-LSE,IE00BMDH1538,HDRO:LN,VANECK HYDROGEN ETF (HDRO LN ETF),USD,100,Fizyczna,"0,55",Nie wypłaca
DEU-XETRA,DE0006289309,EXX1:GR,ISHARES EURO STOXX BANKS 30-15 UCITS (EXX1 GR ETF),EUR,1328,Fizyczna,"0,51",Półrocznie
DEU-XETRA,IE00BKWQ0G16,SPYZ:GR,SPDR MSCI EUROPE FINANCIALS UCITS (SPYZ GR ETF),EUR,319,Fizyczna,"0,18",Nie wypłaca
DEU-XETRA,IE00B4JNQZ49,QDVH:GR,ISHARES S&P 500 FINANCIALS SECTOR UCITS (QDVH GR ETF),EUR,970,Fizyczna,"0,15",Nie wypłaca
GBR-LSE,IE00B4JNQZ49,IUFS:LN,ISHARES S&P 500 FINANCIALS SECTOR UCITS (IUFS LN ETF),USD,970,Fizyczna,"0,15",Nie wypłaca
DEU-XETRA,DE000A0H08K7,EXH5:GR,ISHARES STOXX EUROPE 600 INSURANCE UCITS (EXH5 GR ETF),EUR,245,Fizyczna,"0,46",Kwartalnie
DEU-XETRA,IE00BM67HL84,XDWF:GR,DB X-TRACKERS MSCI WORLD FINANCIAL UCITS (XDWF GR ETF),EUR,440,Fizyczna,"0,25",Nie wypłaca
DEU-XETRA,DE000A0F5UJ7,EXV1:GR,ISHARES STOXX EUROPE 600 BANKS UCITS (EXV1 GR ETF),EUR,1269,Fizyczna,"0,46",Kwartalnie
GBR-LSE,IE00BD3V0B10,BNKS:LN,ISHARES S&P U.S. BANKS UCITS ETF ACC (BNKS LN ETF),USD,336,Fizyczna,"0,35",Nie wypłaca
DEU-XETRA,IE00B6R52036,IS0E:GR,ISHARES GOLD PRODUCERS UCITS (IS0E GR ETF),EUR,1576,Fizyczna,"0,55",Nie wypłaca
DEU-XETRA,LU0488317701,CD91:GR,LYXOR NYSE ARCA GOLD BUGS UCITS (CD91 GR ETF),EUR,316,Fizyczna,"0,65",Rocznie
DEU-XETRA,DE000A0F5UK5,EXV6:GR,ISHARES STOXX EUROPE 600 BASIC RESOURCES UCITS (EXV6 GR ETF),EUR,527,Fizyczna,"0,46",Kwartalnie
DEU-XETRA,IE00BQQP9G91,G2XJ:GR,VANECK VECTORS JUNIOR GOLD MINERS UCITS (G2XJ GR ETF),EUR,337,Fizyczna,"0,55",Nie wypłaca
DEU-XETRA,DE000A0H08E0,EXV7:GR,ISHARES STOXX EUROPE 600 CHEMICALS UCITS (EXV7 GR ET),EUR,87,Fizyczna,"0,46",Kwartalnie
DEU-XETRA,DE000A0H08F7,EXV8:GR,ISHARES STOXX EUROPE 600 CONSTRUCTION & MATERIALS UCITS (EXV8 GR ET),EUR,114,Fizyczna,"0,46",Kwartalnie
DEU-XETRA,IE0002PG6CA6,VVMX:GR,VANECK VECTORS RARE EARTH AND STRATEGIC METALS UCITS ETF ACC  (VVMX GR ETF),EUR,127,Fizyczna,"0,59",Nie wypłaca
GBR-LSE,IE00BQQP9F84,GDX:LN,VANECK VECTORS GOLD MINERS UCITS ETF (GDX LN ETF),USD,703,Fizyczna,"0,53",Nie wypłaca
GBR-LSE,IE00BKLF1R75,VOLT:LN,WISDOMTREE BATTERY SOLUTIONS UCITS ETF - USD ACC (VOLT LN ETF),USD,301,Fizyczna,"0,40",Nie wypłaca
GBR-LSE,IE00BDFBTQ78,GDIG:LN,VANECK VECTORS GLOBAL MINING UCITS A (GDIG LN ETF),USD,515,Fizyczna,"0,50",Nie wypłaca
GBR-LSE,IE00B4MKCJ84,IUMS:LN,ISHARES S&P 500 MATERIAL SECTOR UCITS ETF (IUMS LN ETF),USD,143,Fizyczna,"0,15",Nie wypłaca
GBR-LSE,IE0005YK6564,URNM:LN,SPROTT URANIUM MINERS UCITS ETF USD ACC (URNM LN ETF),USD,90,Fizyczna,"0,85",Nie wypłaca
GBR-LSE,IE00B27YCF74,WOOD:LN,ISHARES GLOBAL TIMBER & FORESTRY UCITS (WOOD LN ETF),GBP,160,Fizyczna,"0,65",Półrocznie
DEU-XETRA,IE00B1FZS350,IQQ6:GR,ISHARES DEVELOPED MARKETS PROPERTY YIELD UCITS (IQQ6 GR ET),EUR,1553,Fizyczna,"0,59",Kwartalnie
DEU-XETRA,IE00B0M63284,IQQP:GR,ISHARES EUROPEAN PROPERTY YIELD UCITS (IQQP GR ETF),EUR,1327,Fizyczna,"0,40",3x do roku
DEU-XETRA,IE00B1FZSF77,IQQ7:GR,ISHARES US PROPERTY YIELD UCITS (IQQ7 GR ETF),EUR,468,Fizyczna,"0,40",Kwartalnie
DEU-XETRA,LU0489337690,D5BK:GR,DB X-TRACKERS FTSE DEVELOPED EUROPE REAL ESTATE UCITS (D5BK GR ETF),EUR,681,Fizyczna,"0,33",Nie wypłaca
DEU-XETRA,IE00B1FZS244,IQQ4:GR,ISHARES ASIA PROPERTY YIELD UCITS (IQQ4 GR ETF),EUR,539,Fizyczna,"0,59",Kwartalnie
DEU-XETRA,IE00B8GF1M35,SPYJ:GR,SPDR DOW JONES GLOBAL REAL ESTATE UCITS (SPYJ GR ETF),EUR,251,Fizyczna,"0,40",Kwartalnie
DEU-XETRA,NL0009690239,TRET:GR,VANECK GLOBAL REAL ESTATE UCITS ETF (TRET GR ETF),EUR,239,Fizyczna,"0,25",Kwartalnie
GBR-LSE,IE00B0M63284,IPRP:LN,ISHARES EUROPEAN PROPERTY YIELD UCITS (IPRP LN ETF),GBP,1327,Fizyczna,"0,40",3x do roku
GBR-LSE,IE00B1TXLS18,IUKP:LN,ISHARES UK PROPERTY UCITS (IUKP LN ETF),GBP,671,Fizyczna,"0,40",Kwartalnie
GBR-LSE,IE00B1FZSF77,IUSP:LN,ISHARES US PROPERTY YIELD UCITS (IUSP LN ETF),GBP,468,Fizyczna,"0,40",Kwartalnie
DEU-XETRA,IE00B43HR379,QDVG:GR,ISHARES S&P 500 HEALTH CARE SECTOR UCITS (QDVG GR ETF),EUR,2471,Fizyczna,"0,15",b. d.
GBR-LSE,IE00B43HR379,IUHC:LN,ISHARES S&P 500 HEALTH CARE SECTOR UCITS ETF (ACC) (IUHC LN ETF),USD,2471,Fizyczna,"0,15",Nie wypłaca
DEU-XETRA,IE00BYZK4776,2B78:GR,ISHARES HEALTHCARE INNOVATION UCITS (2B78 GR ETF),EUR,1211,Fizyczna,"0,40",Nie wypłaca
DEU-XETRA,IE00BM67HK77,XDWH:GR,DB X-TRACKERS MSCI WORLD HEALTH CARE INDEX UCITS (XDWH GR ETF),EUR,1869,Fizyczna,"0,25",Nie wypłaca
DEU-XETRA,DE000A0Q4R36,EXV4:GR,ISHARES STOXX EUROPE 600 HEALTH CARE  UCITS (EXV4 GR ETF),EUR,725,Fizyczna,"0,46",Kwartalnie
DEU-XETRA,IE00BMW42181,ESIH:GR,ISHARES MSCI EUROPE HEALTH CARE SCTR UCIST ETF (ESIH GR ETF),EUR,573,Fizyczna,"0,18",Nie wypłaca
GBR-LSE,IE00BYXG2H39,BTEC:LN,ISHARES NASDAQ US BIOTECHNOLOGY UCITS (BTEC LN ETF),USD,441,Fizyczna,"0,35",Nie wypłaca
DEU-XETRA,IE00B1FZS467,IQQI:GR,ISHARES GLOBAL INFRASTRUCTURE UCITS (IQQI GR ETF),EUR,1548,Fizyczna,"0,65",Kwartalnie
DEU-XETRA,DE000A0H08J9,EXH4:GR,ISHARES STOXX EUROPE 600 INDUSTRIAL GOODS & SERVICES UCITS (EXH4 GR ETF),EUR,165,Fizyczna,"0,46",b. d.
GBR-LSE,IE00B4LN9N13,IUIS:LN,ISHARES S&P 500 INDUSTRIALS SECTOR UCITS ETF (IUIS LN ETF),USD,209,Fizyczna,"0,15",Nie wypłaca
DEU-XETRA,IE00B3WJKG14,QDVE:GR,ISHARES S&P500 IT SECTOR UCITS (QDVE GR ETF),EUR,3915,Fizyczna,"0,15",Nie wypłaca
DEU-XETRA,IE00BYPLS672,USPY:GR,L&G CYBER SECURITY UCITS  (USPY GR ETF),EUR,2565,Fizyczna,"0,69",Nie wypłaca
DEU-XETRA,IE00BM67HT60,XDWT:GR,DB X-TRACKERS MSCI WORLD INFORMATION TECH UCITS (XDWT GR ETF),EUR,2363,Fizyczna,"0,25",Nie wypłaca
DEU-XETRA,IE00BWBXM948,ZPDT:GR,SPDR S&P U.S. TECHNOLOGY SELECT SECTOR UCITS ETF (ZPDT GR ETF),EUR,772,Fizyczna,"0,15",Nie wypłaca
DEU-XETRA,IE00BM67HR47,XWTS:GR,DB X-TRACKERS MSCI WORLD TELECOM UCITS (XWTS GR ETF),EUR,232,Fizyczna,"0,25",Nie wypłaca
DEU-XETRA,DE000A0H08Q4,EXV3:GR,ISHARES STOXX EUROPE 600 TECHNOLOGY UCITS (EXV3 GR ETF),EUR,177,Fizyczna,"0,46",Kwartalnie
DEU-XETRA,LU2023678282,DRUP:GR,LYXOR MSCI DISRUPTIVE TECHNOLOGY ESG FILTERED UCITS (DRUP GR ETF),EUR,163,Fizyczna,"0,45",Nie wypłaca
GBR-LSE,IE00B3WJKG14,IUIT:LN,ISHARES S&P 500 IT SECTOR UCITS (IUIT LN ETF),USD,3915,Fizyczna,"0,15",Nie wypłaca
GBR-LSE,IE00BYPLS672,USPY:LN,L&G CYBER SECURITY UCITS (USPY LN ETF),USD,2565,Fizyczna,"0,69",Nie wypłaca
GBR-LSE,IE00BG0J4C88,LOCK:LN,ISHARES DIGITAL SECURITY UCITS (LOCK LN ETF),USD,1830,Fizyczna,"0,40",Nie wypłaca
GBR-LSE,IE00BMC38736,SMH:LN,VANECK VECTORS SEMICONDUCTOR UCITS ETF  (SMH LN ETF),USD,961,Fizyczna,"0,35",Nie wypłaca
GBR-LSE,IE00BDDRF700,ITEK:LN,HAN-GINS TECH MEGATREND EQUAL WEIGHT UCITS (ITEK LN ETF),USD,78,Fizyczna,"0,59",Nie wypłaca
GBR-LSE,IE00BFD2H405,FSKY:LN,FIRST TRUST CLOUD COMPUTING UCITS ETF CLASS A USD ACCUMULATION (FSKY LN ETF),GBP,321,Fizyczna,"0,60",Nie wypłaca
GPW-WWA,PLBETWT00010,ETFBWTEC:PW,BETA ETF WIGTECH  (ETFBWTECH),PLN,2,Fizyczna,"1,20",Nie wypłaca
DEU-XETRA,DE000A0H08R2,EXV2:GR,ISHARES STOXX EUROPE 600 TELECOM UCITS (EXV2 GR ETF),EUR,246,Fizyczna,"0,46",Kwartalnie
DEU-XETRA,IE00BFWFPX50,ZPDK:GR,SPDR S&P U.S. COMMUNICATION SERVICES SELECT SECTOR UCITS (ZPDK GR ETF),EUR,134,Fizyczna,"0,15",Nie wypłaca
GBR-LSE,IE00B1TXK627,DH2O:LN,ISHARES GLOBAL WATER UCITS (DH2O LN ETF),USD,2084,Fizyczna,"0,65",Półrocznie
DEU-XETRA,IE00B1TXK627,IQQQ:GR,ISHARES GLOBAL WATER UCITS (IQQQ GR ETF),EUR,2084,Fizyczna,"0,65",Półrocznie
DEU-XETRA,DE000A0Q4R02,EXH9:GR,ISHARES STOXX EUROPE 600 UTILITIES UCITS (EXH9 GR ETF),EUR,240,Fizyczna,"0,46",Kwartalnie
GBR-LSE,IE00B4KBBD01,IUUS:LN,ISHARES S&P 500 UTILITIES SECTOR UCITS ETF (IUUS LN ETF),USD,241,Fizyczna,"0,15",Nie wypłaca
GBR-LSE,IE00BDDRF700,ITEK:LN,HAN-GINS TECH MEGATREND EQUAL WEIGHT UCITS (ITEK LN ETF),USD,78,Fizyczna,"0,59",Nie wypłaca
DEU-XETRA,IE00B4KBBD01,2B7A:GR,ISHARES S&P500 UTILITIES UCITS (2B7A GR ETF),EUR,241,Fizyczna,"0,15",Nie wypłaca
DEU-XETRA,IE00BYVJRR92,QDVR:GR,ISHARES MSCI USA SRI UCITS (QDVR GR ETF),EUR,9851,Fizyczna,"0,20",Nie wypłaca
DEU-XETRA,IE00B1XNHC34,IQQH:GR,ISHARES GLOBAL CLEAN ENERGY UCITS (IQQH GR ETF),EUR,4336,Fizyczna,"0,65",Półrocznie
DEU-XETRA,IE00BYZK4552,2B76:GR,ISHARES AUTOMATION & ROBOTICS UCITS (2B76 GR ETF),EUR,3181,Fizyczna,"0,40",Nie wypłaca
DEU-XETRA,IE00BGBN6P67,BNXG:GR,INVESCO ELWOOD GLOBAL BLOCKCHAIN UCITS (BNXG GR ETF),EUR,474,Fizyczna,"0,65",Nie wypłaca
DEU-XETRA,IE00BYWQWR46,ESP0:GR,VANECK VECTORS VIDEO GAMING AND ESPORTS UCITS  (ESP0 GR ETF),EUR,530,Fizyczna,"0,55",Nie wypłaca
DEU-XETRA,IE00BGV5VN51,XAIX:GR,XTRACKERS ARTIFICIAL INTELLIGENCE & BIG DATA UCITS ETF 1C (XAIX GR ETF),EUR,1087,Fizyczna,"0,35",Nie wypłaca
DEU-XETRA,IE00BKTLJC87,AYEU:GR,ISHARES SMART CITY INFRASTRUCTURE UCITS ETF USD ACC (AYEU GR ETF),EUR,338,Fizyczna,"0,40",Nie wypłaca
DEU-XETRA,IE00BK5BCD43,XMLD:GR,L&G ARTIFICIAL INTELLIGENCE UCITS (XMLD GR ETF),EUR,385,Fizyczna,"0,49",Nie wypłaca
DEU-XETRA,IE00BK5BC677,XMLH:GR,L&G HEALTHCARE BREAKTHROUGH UCITS (XMLH GR ETF),EUR,108,Fizyczna,"0,49",Nie wypłaca
DEU-XETRA,IE00BGV5VR99,XMOV:GR,XTRACKERS FUTURE MOBILITY UCITS (XMOV GR ETF),EUR,119,Fizyczna,"0,35",Nie wypłaca
DEU-XETRA,IE00BLRPQH31,RIZF:GR,RIZE SUSTAINABLE FUTURE OF FOOD UCITS (RIZF GR ETF),EUR,178,Fizyczna,"0,45",Nie wypłaca
DEU-XETRA,IE00BK5BCH80,RENW:GR,L&G CLEAN ENERGY UCITS (RENW GR ETF),EUR,180,Fizyczna,"0,49",Nie wypłaca
DEU-XETRA,IE000YYE6WK5,DFEN:GR,VANECK DEFENSE ETF (DFEN GR ETF),EUR,60,Fizyczna,"0,55",b. d.
DEU-XETRA,IE00BG5J1M21,CBSX:GR,THE MEDICAL CANNABIS AND WELLNESS UCITS (CBSX GR ETF),EUR,11,Fizyczna,"0,80",Nie wypłaca
GBR-LSE,IE00BYZK4552,RBOT:LN,ISHARES AUTOMATION & ROBOTICS UCITS (RBOT LN ETF),USD,3181,Fizyczna,"0,40",Nie wypłaca
GBR-LSE,IE00BYZK4883,DGTL:LN,ISHARES DIGITALISATION UCITS (DGTL LN ETF),USD,984,Fizyczna,"0,40",Nie wypłaca
GBR-LSE,IE00BYVJRP78,SUSM:LN,ISHARES MSCI EM SRI UCITS (SUSM LN ETF),USD,4060,Fizyczna,"0,25",Nie wypłaca
GBR-LSE,IE00BGBN6P67,BCHN:LN,INVESCO ELWOOD GLOBAL BLOCKCHAIN UCITS (BCHN LN ETF),USD,474,Fizyczna,"0,65",Nie wypłaca
GBR-LSE,IE00BF0M2Z96,BATT:LN,L&G BATTERY VALUE-CHAIN UCITS  (BATT LN ETF),USD,912,Fizyczna,"0,49",Nie wypłaca
GBR-LSE,IE00BYZK4669,AGED:LN,ISHARES AGEING POPULATION UCITS (AGED LN ETF),USD,738,Fizyczna,"0,40",Nie wypłaca
GBR-LSE,IE00BJGWQN72,WCLD:LN,WISDOMTREE CLOUD COMPUTING UCITS ETF - USD ACC  (WCLD LN ETF),USD,367,Fizyczna,"0,40",Nie wypłaca
GBR-LSE,IE00BGL86Z12,ECAR:LN,ISHARES ELECTRIC VEHICLES & DRIVING TECHNOLOGY UCITS (ECAR LN ETF),USD,805,Fizyczna,"0,40",Nie wypłaca
GBR-LSE,IE00BF0M6N54,ECOM:LN,L&G ECOMMERCE LOGISTICS UCITS (ECOM LN ETF),USD,295,Fizyczna,"0,49",Nie wypłaca
GBR-LSE,IE00BDVPNG13,WTAI:LN,WISDOMTREE ARTIFICIAL INTELLIGENCE UCITS ETF - USD ACC (WTAI LN ETF),USD,570,Fizyczna,"0,40",Nie wypłaca
GBR-LSE,IE00B6R52143,ISAG:LN,ISHARES AGRIBUSINESS UCITS (ISAG LN ETF),USD,657,Fizyczna,"0,55",Nie wypłaca
GBR-LSE,IE00BF5DXP42,LEGR:LN,FIRST TRUST INDXX INNOVATIVE TRANSACTION & PROCESS UCITS (LEGR LN ETF),USD,82,Fizyczna,"0,65",Nie wypłaca
GBR-LSE,IE00B52XQP83,IRSA:LN,ISHARES MSCI SOUTH AFRICA UCITS (IRSA LN ETF),USD,54,Fizyczna,"0,65",Nie wypłaca
DEU-XETRA,IE00B27YCK28,IUSC:GR,ISHARES MSCI EM LATAM UCITS (IUSC GR ETF),EUR,197,Fizyczna,"0,20",Półrocznie
DEU-XETRA,LU0292109344,XMBR:GR,DB X-TRACKERS MSCI BRAZIL UCITS (XMBR GR ETF),EUR,75,Fizyczna,"0,65",Nie wypłaca
DEU-XETRA,IE00B3XXRP09,VUSA:GR,VANGUARD S&P 500 ETF UCITS (VUSA GR ETF),EUR,39800,Fizyczna,"0,07",Kwartalnie
DEU-XETRA,IE0031442068,IUSA:GR,ISHARES CORE S&P 500 UCITS (IUSA GR ETF),EUR,13943,Fizyczna,"0,07",Kwartalnie
DEU-XETRA,IE00BYVQ9F29,NQSE:GR,ISHARES NASDAQ 100 UCITS ETF EUR HEDGED (ACC) (NQSE GR ETF),EUR,10329,Fizyczna,"0,36",Nie wypłaca
DEU-XETRA,IE00BJ0KDR00,XD9U:GR,DB X-TRACKERS MSCI USA INDEX UCITS (XD9U GR ETF),EUR,6779,Fizyczna,"0,07",Nie wypłaca
DEU-XETRA,IE00BYVJRR92,QDVR:GR,ISHARES MSCI USA SRI UCITS (QDVR GR ETF),EUR,9851,Fizyczna,"0,20",Nie wypłaca
DEU-XETRA,IE00B8GKDB10,VGWD:GR,VANGUARD FTSE ALL-WORLD HIGH DIVIDEND YIELD UCITS ETF DISTRIBUTING (VGWD GR ETF),EUR,4318,Fizyczna,"0,29",Kwartalnie
DEU-XETRA,IE00B3ZW0K18,IBCF:GR,ISHARES S&P 500 EUR HEDGED UCITS ETF (ACC)  (IBCF GR ETF),EUR,5441,Fizyczna,"0,20",Nie wypłaca
DEU-XETRA,IE00BFNM3G45,SGAS:GR,ISHARES MSCI USA ESG SCREENED UCITS ETF USD (ACC) (SGAS GR ETF),EUR,5593,Fizyczna,"0,07",Nie wypłaca
DEU-XETRA,IE00B6YX5D40,SPYD:GR,SPDR S&P US DIVIDEND ARISTOCRATS UCITS (SPYD GR ETF),EUR,4089,Fizyczna,"0,35",Kwartalnie
DEU-XETRA,IE00B3WJKG14,QDVE:GR,ISHARES S&P500 IT SECTOR UCITS (QDVE GR ETF),EUR,3915,Fizyczna,"0,15",Nie wypłaca
DEU-XETRA,IE00B6SPMN59,IBCK:GR,ISHARES EDGE S&P 500 MINIMUM VOLATILITY UCITS (IBCK GR ETF),EUR,2172,Fizyczna,"0,20",Nie wypłaca
DEU-XETRA,IE00B43HR379,QDVG:GR,ISHARES S&P 500 HEALTH CARE SECTOR UCITS (QDVG GR ETF),EUR,2471,Fizyczna,"0,15",b. d.
DEU-XETRA,IE00BLNMYC90,XDEW:GR,XTRACKERS S&P 500 EQUAL WEIGHT UCITS (XDEW GR ETF),EUR,5193,Fizyczna,"0,20",Nie wypłaca
DEU-XETRA,IE00BD1F4M44,QDVI:GR,ISHARES EDGE MSCI USA VALUE FACTOR UCITS (QDVI GR ETF),EUR,2552,Fizyczna,"0,20",b. d.
DEU-XETRA,IE00B2QWCY14,IUS3:GR,ISHARES S&P SMALL CAP 600 UCITS (IUS3GR ETF),EUR,1186,Fizyczna,"0,40",Półrocznie
DEU-XETRA,IE00BD1F4N50,QDVA:GR,ISHARES EDGE MSCI USA MOMENTUM FACTOR UCITS (QDVA GR ETF),EUR,278,Fizyczna,"0,20",Nie wypłaca
DEU-XETRA,IE00BD1F4L37,QDVB:GR,ISHARES EDGE MSCI USA QUALITY FACTOR UCITS (QDVB GR ETF),EUR,2050,Fizyczna,"0,20",Nie wypłaca
DEU-XETRA,IE00B1FZSF77,IQQ7:GR,ISHARES US PROPERTY YIELD UCITS (IQQ7 GR ETF),EUR,468,Fizyczna,"0,40",Kwartalnie
DEU-XETRA,IE00BYXVGY31,FUSA:GR,FIDELITY US QUALITY INCOME UCITS (FUSA GR ETF),EUR,1232,Fizyczna,"0,25",b. d.
DEU-XETRA,IE00B53L4350,SXRU:GR,ISHARES DOW JONES INDUSTRIAL AVERAGE UCITS (SXRU GR ETF),EUR,1006,Fizyczna,"0,33",Nie wypłaca
DEU-XETRA,IE00B4JNQZ49,QDVH:GR,ISHARES S&P 500 FINANCIALS SECTOR UCITS (QDVH GR ETF),EUR,970,Fizyczna,"0,15",Nie wypłaca
DEU-XETRA,IE00BWBXM948,ZPDT:GR,SPDR S&P U.S. TECHNOLOGY SELECT SECTOR UCITS ETF (ZPDT GR ETF),EUR,772,Fizyczna,"0,15",Nie wypłaca
DEU-XETRA,IE00BFWFPX50,ZPDK:GR,SPDR S&P U.S. COMMUNICATION SERVICES SELECT SECTOR UCITS (ZPDK GR ETF),EUR,134,Fizyczna,"0,15",Nie wypłaca
DEU-XETRA,IE00B42NKQ00,QDVF:GR,ISHARES S&P 500 ENERGY SECTOR UCITS (QDVF GR ETF),EUR,977,Fizyczna,"0,15",Nie wypłaca
DEU-XETRA,IE00BJZ2DC62,XRSM:GR,DB X-TRACKERS RUSSELL MIDCAP UCITS (XRSM GR ETF),EUR,91,Fizyczna,"0,07",b. d.
DEU-XETRA,LU0476289466,D5BI:GR,DB X-TRACKERS MSCI MEXICO UCITS (D5BI GR ETF),EUR,172,Fizyczna,"0,65",Nie wypłaca
DEU-XETRA,IE00B4KBBD01,2B7A:GR,ISHARES S&P500 UTILITIES UCITS (2B7A GR ETF),EUR,241,Fizyczna,"0,15",Nie wypłaca
DEU-XETRA,IE00BG5J1M21,CBSX:GR,THE MEDICAL CANNABIS AND WELLNESS UCITS (CBSX GR ETF),EUR,11,Fizyczna,"0,80",Nie wypłaca
GBR-LSE,IE00B5BMR087,CSP1:LN,ISHARES CORE S&P500 UCITS (CSP1 LN ETF),GBP,63976,Fizyczna,"0,07",Nie wypłaca
GBR-LSE,IE00B3XXRP09,VUSA:LN,VANGUARD S&P 500 UCITS (VUSA LN ETF),GBP,39800,Fizyczna,"0,07",Kwartalnie
GBR-LSE,IE00BFMXXD54,VUAA:LN,VANGUARD S&P 500 UCITS ACC (VUAA LN ETF),USD,39800,Fizyczna,"0,07",Nie wypłaca
GBR-LSE,IE00B53SZB19,CNDX:LN,ISHARES NASDAQ 100 USD ACC (CNDX LN ETF),USD,10329,Fizyczna,"0,33",Nie wypłaca
GBR-LSE,IE00BYXYYL56,IHYA:LN,ISHARES USD HIGH YIELD CORPORATE BOND UCITS ACC (IHYA LN ETF),USD,5318,Fizyczna,"0,50",Nie wypłaca
GBR-LSE,IE00B6YX5C33,SPY5:LN,SPDR S&P 500 UCITS (SPY5 LN ETF),USD,5878,Fizyczna,"0,09",Kwartalnie
GBR-LSE,IE00B6YX5D40,UDVD:LN,SPDR S&P US DIVIDEND ARISTOCRATS UCITS (UDVD LN ETF),USD,4089,Fizyczna,"0,35",Kwartalnie
GBR-LSE,IE00B3WJKG14,IUIT:LN,ISHARES S&P 500 IT SECTOR UCITS (IUIT LN ETF),USD,3915,Fizyczna,"0,15",Nie wypłaca
GBR-LSE,IE00B14X4M10,IDNA:LN,ISHARES MSCI NORTH AMERICA UCITS (IDNA LN ETF),USD,989,Fizyczna,"0,40",Kwartalnie
GBR-LSE,IE00BQQP9H09,MOAT:LN,VANECK VECTORS MORNINGSTAR US WIDE MOAT UCITS ETF (MOAT LN ETF),USD,548,Fizyczna,"0,49",Nie wypłaca
GBR-LSE,IE00B2QWCY14,IDP6:LN,ISHARES S&P SMALL CAP 600 UCITS (IDP6 LN ETF),USD,1186,Fizyczna,"0,40",Półrocznie
GBR-LSE,IE00BD1F4N50,IUMO:LN,ISHARES EDGE MSCI USA MOMENTUM FACTOR UCITS (IUMO LN ETF),USD,278,Fizyczna,"0,20",Nie wypłaca
GBR-LSE,IE00BJ38QD84,R2US:LN,SPDR RUSSELL 2000 U.S. SMALL CAP UCITS (R2US LN ETF),USD,1923,Fizyczna,"0,30",Nie wypłaca
GBR-LSE,IE00BYXYYJ35,LQDA:LN,ISHARES USD CORPORATE BOND UCITS ACC (LQDA LN ETF),GBP,8508,Fizyczna,"0,20",Nie wypłaca
GBR-LSE,IE00BGYWFS63,VDTA:LN,VANGUARD USD TREASURY BOND UCITS ETF ACC (VDTA LN ETF),USD,1877,Fizyczna,"0,07",Nie wypłaca
GBR-LSE,IE00B1FZSF77,IUSP:LN,ISHARES US PROPERTY YIELD UCITS (IUSP LN ETF),GBP,468,Fizyczna,"0,40",Kwartalnie
GBR-LSE,IE00BZ56RG20,DGRA:LN,WISDOMTREE US QUALITY DIV GROWTH UCITS ETF USD ACC (DGRA LN ETF),USD,467,Fizyczna,"0,33",Nie wypłaca
GBR-LSE,IE00BD3V0B10,BNKS:LN,ISHARES S&P U.S. BANKS UCITS ETF ACC (BNKS LN ETF),USD,336,Fizyczna,"0,35",Nie wypłaca
GBR-LSE,IE00BFD2H405,FSKY:LN,FIRST TRUST CLOUD COMPUTING UCITS ETF CLASS A USD ACCUMULATION (FSKY LN ETF),GBP,321,Fizyczna,"0,60",Nie wypłaca
GBR-LSE,IE00B4YBJ215,SPY4:LN,SPDR S&P 400 US MID CAP UCITS (SPY4 LN ETF),USD,1754,Fizyczna,"0,30",Nie wypłaca
GBR-LSE,IE00B52SF786,CCAU:LN,ISHARES MSCI CANADA UCITS (CCAU LN ETF),USD,977,Fizyczna,"0,48",Nie wypłaca
GBR-LSE,IE00BJGWQN72,WCLD:LN,WISDOMTREE CLOUD COMPUTING UCITS ETF - USD ACC  (WCLD LN ETF),USD,367,Fizyczna,"0,40",Nie wypłaca
GBR-LSE,IE00BYXVGY31,FUSA:LN,FIDELITY US QUALITY INCOME UCITS (FUSA LN ETF),USD,1232,Fizyczna,"0,25",b. d.
GBR-LSE,IE00B4JNQZ49,IUFS:LN,ISHARES S&P 500 FINANCIALS SECTOR UCITS (IUFS LN ETF),USD,970,Fizyczna,"0,15",Nie wypłaca
GBR-LSE,IE00B4MCHD36,IUCD:LN,ISHARES S&P 500 CONSUMER DISCRETIONARY SECTOR UCITS ETF ACC  (IUCD LN ETF),USD,416,Fizyczna,"0,15",Nie wypłaca
GBR-LSE,IE00BMC38736,SMH:LN,VANECK VECTORS SEMICONDUCTOR UCITS ETF  (SMH LN ETF),USD,961,Fizyczna,"0,35",Nie wypłaca
GBR-LSE,IE00B40B8R38,IUCS:LN,ISHARES S&P 500 CONSUMER STAPLES SECTOR UCITS ETF (IUCS LN ETF),USD,595,Fizyczna,"0,15",Nie wypłaca
GBR-LSE,IE00B23D8S39,PRUS:LN,INVESCO FTSE RAFI US 1000 (PRUS LN ETF),USD,439,Fizyczna,"0,39",Kwartalnie
GBR-LSE,IE00B5377D42,IAUS:LN,ISHARES MSCI AUSTRALIA UCITS (IAUS LN ETF),USD,481,Fizyczna,"0,50",Nie wypłaca
DEU-XETRA,DE000A0Q4R28,EXV5:GR,ISHARES STOXX EUROPE 600 AUTOMOBILES & PARTS UCITS (EXV5 GR ETF),EUR,138,Fizyczna,"0,46",b. d.
DEU-XETRA,LU0659580079,XMK9:GR,DB X-TRACKERS MSCI JAPAN UCITS (XMK9 GR ETF),EUR,2494,Fizyczna,"0,40",Nie wypłaca
DEU-XETRA,LU0839027447,XDJP:GR,DB X-TRACKERS NIKKEI 225 UCITS (XDJP GR ETF),EUR,1963,Fizyczna,"0,09",Półrocznie
DEU-XETRA,LU0514695690,XCS6:GR,DB X-TRACKERS MSCI CHINA UCITS (XCS6 GR ETF),EUR,1607,Fizyczna,"0,65",Nie wypłaca
DEU-XETRA,LU0875160326,RQFI:GR,XTRACKERS HARVEST CSI300 UCITS (RQFI GR ETF),EUR,432,Fizyczna,"0,65",Półrocznie
DEU-XETRA,IE00B1FZS244,IQQ4:GR,ISHARES ASIA PROPERTY YIELD UCITS (IQQ4 GR ETF),EUR,539,Fizyczna,"0,59",Kwartalnie
DEU-XETRA,IE00BYYR0489,IUSS:GR,ISHARES MSCI SAUDI ARABIA CAPPED UCITS (IUSS GR ETF),EUR,478,Fizyczna,"0,60",Nie wypłaca
DEU-XETRA,LU0292109187,DBX5:GR,XTRACKERS MSCI TAIWAN UCITS (DBX5 GR ETF),EUR,100,Fizyczna,"0,65",Nie wypłaca
DEU-XETRA,IE00BYX8XC17,SXR6:GR,ISHARES MSCI JAPAN SRI UCITS (SXR6 GR ETF),EUR,1264,Fizyczna,"0,20",b. d.
DEU-XETRA,LU0659578842,XBAS:GR,XTRACKERS MSCI SINGAPORE UCITS ACC (XBAS GR ETF),EUR,40,Fizyczna,"0,50",Nie wypłaca
DEU-XETRA,IE0000H445G8,CNIE:GR,VANECK VECTORS NEW CHINA ESG UCITS (CNIE GR ETF),EUR,6,Fizyczna,"0,60",Nie wypłaca
GBR-LSE,IE00B4L5YX21,SJPA:LN,ISHARES CORE MSCI JAPAN IMI UCITS (SJPA LN ETF),GBP,4407,Fizyczna,"0,15",Nie wypłaca
GBR-LSE,IE00B9KNR336,ASDV:LN,APDR S&P PAN ASIA DIVIDEND ARISTOCRATS UCITS (ASDV LN ETF),USD,155,Fizyczna,"0,55",Półrocznie
GBR-LSE,IE00B0M63730,IFFF:LN,ISHARES MSCI AC FAR EAST EX-JAPAN UCITS  (IFFF LN ETF),GBP,1002,Fizyczna,"0,74",Kwartalnie
GBR-LSE,IE00B02KXH56,IJPN:LN,ISHARES MSCI JAPAN UCITS (IJPN LN ETF),GBP,1057,Fizyczna,"0,59",Półrocznie
GBR-LSE,IE00B466KX20,EMAD:LN,SPDR MSCI EMERGING MARKETS ASIA UCITS (EMAD LN ETF),USD,1021,Fizyczna,"0,55",Nie wypłaca
GBR-LSE,IE00BQT3WG13,CNYA:LN,ISHARES MSCI CHINA A UCITS (CNYA LN ETF),USD,2430,Fizyczna,"0,40",Nie wypłaca
GBR-LSE,IE00B0M63391,IKOR:LN,ISHARES MSCI KOREA UCITS (IKOR LN ETF),GBP,339,Fizyczna,"0,74",Półrocznie
DEU-XETRA,IE00BYX8XC17,SXR6:GR,ISHARES MSCI JAPAN SRI UCITS (SXR6 GR ETF),EUR,1264,Fizyczna,"0,20",b. d.
DEU-XETRA,LU0659578842,XBAS:GR,XTRACKERS MSCI SINGAPORE UCITS ACC (XBAS GR ETF),EUR,40,Fizyczna,"0,50",Nie wypłaca
GBR-LSE,IE00BHZRR030,FLXK:LN,FRANKLIN FTSE KOREA UCITS (FLXK LN ETF),USD,434,Fizyczna,"0,09",Nie wypłaca
GBR-LSE,IE00B52MJY50,CPXJ:LN,ISHARES CORE MSCI PACIFIC EX-JAPAN UCITS (CPXJ LN ETF),USD,2480,Fizyczna,"0,20",Nie wypłaca
GBR-LSE,IE00B5L8K969,CEA1:LN,ISHARES MSCI EM ASIA UCITS (CEA1 LN ETF),GBP,2213,Fizyczna,"0,20",Nie wypłaca
GBR-LSE,IE00B02KXK85,FXC:LN,ISHARES CHINA LARGE CAP UCITS (FXC LN ETF),GBP,592,Fizyczna,"0,74",Niereg.
GBR-LSE,IE00BZCQB185,NDIA:LN,ISHARES MSCI INDIA UCITS ETF USD (ACC) (NDIA LN ETF),USD,2171,Fizyczna,"0,65",Nie wypłaca
GBR-LSE,IE00B9F5YL18,VDPX:LN,VANGUARD FTSE DEVELOPED ASIA PACIFIC EX JAPAN UCITS  (VDPX LN ETF),USD,1272,Fizyczna,"0,15",Kwartalnie
GBR-LSE,IE00B46G8275,HIDD:LN,HSBC MSCI INDONESIA UCITS (HIDD LN ETF),USD,99,Fizyczna,"0,50",Półrocznie
DEU-XETRA,LU0380865021,XESC:GR,DB X-TRACKERS EURO STOXX 50 UCITS (XESC GR ETF),EUR,5900,Fizyczna,"0,09",b. d.
DEU-XETRA,LU0274211217,XESX:GR,DB X-TRACKERS EURO STOXX 50 UCITS (XESX GR ETF),EUR,5900,Fizyczna,"0,09",Kwartalnie
DEU-XETRA,IE0008471009,EUN2:GR,ISHARES EURO STOXX 50 UCITS  (EUN2 GR ETF),EUR,3116,Fizyczna,"0,10",Kwartalnie
DEU-XETRA,IE00BQN1K901,CEMS:GR,ISHARES EDGE MSCI EUROPE VALUE FACTOR UCITS ETF  (CEMS GR ETF),EUR,2539,Fizyczna,"0,25",Nie wypłaca
DEU-XETRA,LU0274209237,XMEU:GR,DB X-TRACKERS EUROPE INDEX UCITS (XMEU GR ETF),EUR,4109,Fizyczna,"0,12",Nie wypłaca
DEU-XETRA,LU0846194776,XD5E:GR,DB X-TRACKERS MSCI EMU INDEX UCITS (XD5E GR ETF),EUR,1639,Fizyczna,"0,12",Półrocznie
DEU-XETRA,IE00BKX55Q28,VMID:GR,VANGUARD FTSE 250 UCITS (VMID GR ETF),EUR,2083,Fizyczna,"0,10",Kwartalnie
DEU-XETRA,IE00B0M63284,IQQP:GR,ISHARES EUROPEAN PROPERTY YIELD UCITS (IQQP GR ETF),EUR,1327,Fizyczna,"0,40",3x do roku
DEU-XETRA,LU0328475792,XSX6:GR,DB X-TRACKERS STOXX EUROPE 600 UCITS (XSX6 GR ETF),EUR,2070,Fizyczna,"0,20",Nie wypłaca
DEU-XETRA,IE00B5M1WJ87,SPYW:GR,SPDR S&P EURO DIVIDEND ARISTOCRATS UCITS  (SPYW GR ETF),EUR,1101,Fizyczna,"0,30",Półrocznie
DEU-XETRA,LU0274221281,XSMI:GR,DB X-TRACKERS SWISS LARGE CAP UCITS (XSMI GR ETF),EUR,1764,Fizyczna,"0,30",Półrocznie
DEU-XETRA,IE00B86MWN23,EUN0:GR,ISHARES EDGE MSCI EUROPE MINIMUM VOLATILITY UCITS (EUN0 GR ETF),EUR,936,Fizyczna,"0,25",Nie wypłaca
DEU-XETRA,DE0006289309,EXX1:GR,ISHARES EURO STOXX BANKS 30-15 UCITS (EXX1 GR ETF),EUR,1328,Fizyczna,"0,51",Półrocznie
DEU-XETRA,IE00BFMNHK08,XZEU:GR,XTRACKERS MSCI EUROPE ESG UCITS (XZEU GR ETF),EUR,1252,Fizyczna,"0,20",Nie wypłaca
DEU-XETRA,IE00B0M63060,IQQD:GR,ISHARES UK DIVIDEND UCITS (IQQD GR ETF),EUR,1021,Fizyczna,"0,40",Kwartalnie
DEU-XETRA,IE00BMW42181,ESIH:GR,ISHARES MSCI EUROPE HEALTH CARE SCTR UCIST ETF (ESIH GR ETF),EUR,573,Fizyczna,"0,18",Nie wypłaca
DEU-XETRA,IE00BKWQ0G16,SPYZ:GR,SPDR MSCI EUROPE FINANCIALS UCITS (SPYZ GR ETF),EUR,319,Fizyczna,"0,18",Nie wypłaca
DEU-XETRA,DE000A0Q4R36,EXV4:GR,ISHARES STOXX EUROPE 600 HEALTH CARE  UCITS (EXV4 GR ETF),EUR,725,Fizyczna,"0,46",Kwartalnie
DEU-XETRA,IE00B3VWMM18,SXRJ:GR,ISHARES MSCI EMU SMALL CAP UCITS (SXRJ GR ETF),EUR,562,Fizyczna,"0,58",Nie wypłaca
DEU-XETRA,LU0838782315,XDDX:GR,DB X-TRACKERS DAX INCOME UCITS (XDDX GR ETF),EUR,363,Fizyczna,"0,09",Półrocznie
DEU-XETRA,LU0322253906,XXSC:GR,DB X-TRACKERS MSCI EUROPE SMALL CAP INDEX UCITS (XXSC GR ETF),EUR,809,Fizyczna,"0,30",Nie wypłaca
DEU-XETRA,DE000A0Q4R28,EXV5:GR,ISHARES STOXX EUROPE 600 AUTOMOBILES & PARTS UCITS (EXV5 GR ETF),EUR,138,Fizyczna,"0,46",b. d.
DEU-XETRA,DE000A0H08R2,EXV2:GR,ISHARES STOXX EUROPE 600 TELECOM UCITS (EXV2 GR ETF),EUR,246,Fizyczna,"0,46",Kwartalnie
DEU-XETRA,LU0489337690,D5BK:GR,DB X-TRACKERS FTSE DEVELOPED EUROPE REAL ESTATE UCITS (D5BK GR ETF),EUR,681,Fizyczna,"0,33",Nie wypłaca
DEU-XETRA,DE000A0H08J9,EXH4:GR,ISHARES STOXX EUROPE 600 INDUSTRIAL GOODS & SERVICES UCITS (EXH4 GR ETF),EUR,165,Fizyczna,"0,46",b. d.
DEU-XETRA,DE000A0H08M3,EXH1:GR,ISHARES STOXX EUROPE 600 OIL & GAS UCITS (EXH1 GR ETF),EUR,910,Fizyczna,"0,46",Kwartalnie
DEU-XETRA,IE00B9MRHC27,XDN0:GR,DB X-TRACKERS MSCI NORDIC UCITS (XDN0 GR ETF),EUR,743,Fizyczna,"0,30",Półrocznie
DEU-XETRA,DE000A0F5UK5,EXV6:GR,ISHARES STOXX EUROPE 600 BASIC RESOURCES UCITS (EXV6 GR ETF),EUR,527,Fizyczna,"0,46",Kwartalnie
DEU-XETRA,IE00B02KXL92,IQQM:GR,ISHARES EURO STOXX MID UCITS (IQQM GR ETF),EUR,376,Fizyczna,"0,40",Kwartalnie
DEU-XETRA,DE000A0F5UJ7,EXV1:GR,ISHARES STOXX EUROPE 600 BANKS UCITS (EXV1 GR ETF),EUR,1269,Fizyczna,"0,46",Kwartalnie
DEU-XETRA,DE000A0H08H3,EXH3:GR,ISHARES STOXX EUROPE 600 FOOD UCITS (EXH3 GR ETF),EUR,271,Fizyczna,"0,46",Kwartalnie
DEU-XETRA,DE000A0H08Q4,EXV3:GR,ISHARES STOXX EUROPE 600 TECHNOLOGY UCITS (EXV3 GR ETF),EUR,177,Fizyczna,"0,46",Kwartalnie
DEU-XETRA,DE000A0H08K7,EXH5:GR,ISHARES STOXX EUROPE 600 INSURANCE UCITS (EXH5 GR ETF),EUR,245,Fizyczna,"0,46",Kwartalnie
DEU-XETRA,DE000A0H08E0,EXV7:GR,ISHARES STOXX EUROPE 600 CHEMICALS UCITS (EXV7 GR ET),EUR,87,Fizyczna,"0,46",Kwartalnie
DEU-XETRA,LU0322250985,DX2G:GR,DB X-TRACKERS CAC 40 UCITS (DX2G GR ETF),EUR,187,Fizyczna,"0,20",Półrocznie
DEU-XETRA,IE00B1FZS574,IQQ5:GR,ISHARES MSCI TURKEY UCITS (IQQ5 GR ETF),EUR,132,Fizyczna,"0,74",Półrocznie
DEU-XETRA,DE000A0H08F7,EXV8:GR,ISHARES STOXX EUROPE 600 CONSTRUCTION & MATERIALS UCITS (EXV8 GR ET),EUR,114,Fizyczna,"0,46",Kwartalnie
DEU-XETRA,DE000A0H08S0,EXV9:GR,ISHARES STOXX EUROPE 600 TRAVEL & LEISURE UCITS (EXV9 GR ETF),EUR,148,Fizyczna,"0,46",Kwartalnie
DEU-XETRA,IE00BKWQ0F09,SPYN:GR,SPDR MSCI EUROPE ENERGY UCITS (SPYN GR ETF),EUR,1183,Fizyczna,"0,18",Nie wypłaca
DEU-XETRA,LU0292105359,DXSK:GR,DB X-TRACKERS STOXX EUROPE 600 FOOD & BEVERAGE UCITS (DXSK GR ETF),EUR,80,Fizyczna,"0,20",Nie wypłaca
DEU-XETRA,LU0592216393,XESP:GR,DB X-TRACKERS SPANISH EQUITY UCITS (XESP GR ETF),EUR,49,Fizyczna,"0,30",b. d.
DEU-XETRA,IE00B4M7GH52,IBCJ:GR,ISHARES MSCI POLAND (IBCJ GR ETF),EUR,54,Fizyczna,"0,74",Nie wypłaca
GBR-LSE,IE0005042456,ISF:LN,ISHARES CORE FTSE100 UCITS (ISF LN ETF),GBP,13908,Fizyczna,"0,07",Kwartalnie
GBR-LSE,IE00B1YZSC51,IMEU:LN,ISHARES MSCI EUROPE UCITS (IMEU LN ETF),GBP,7444,Fizyczna,"0,12",Kwartalnie
GBR-LSE,IE00B810Q511,VUKE:LN,VANGUARD FTSE 100 UCITS (VUKE LN ETF),GBP,5964,Fizyczna,"0,09",Kwartalnie
GBR-LSE,IE00B4K48X80,SMEA:LN,ISHARES MSCI EUROPE UCITS (SMEA LN ETF),GBP,5867,Fizyczna,"0,12",Nie wypłaca
GBR-LSE,IE00B52VJ196,IESG:LN,ISHARES MSCI EUROPE SRI UCITS (IESG LN ETF),GBP,4104,Fizyczna,"0,20",Nie wypłaca
GBR-LSE,IE00B945VV12,VEUR:LN,VANGUARD FTSE DEVELOPED EUROPE UCITS (VEUR LN ETF),GBP,3476,Fizyczna,"0,10",Kwartalnie
GBR-LSE,IE00BKX55Q28,VMID:LN,VANGUARD FTSE 250 UCITS (VMID LN ETF),GBP,2083,Fizyczna,"0,10",Kwartalnie
GBR-LSE,IE00B0M63284,IPRP:LN,ISHARES EUROPEAN PROPERTY YIELD UCITS (IPRP LN ETF),GBP,1327,Fizyczna,"0,40",3x do roku
GBR-LSE,IE00B14X4N27,IEUX:LN,ISHARES MSCI EUROPE EX-UK UCITS (IEUX LN ETF),GBP,1157,Fizyczna,"0,40",Kwartalnie
GBR-LSE,IE00B00FV128,MIDD:LN,ISHARES FTSE 250 UCITS (MIDD LN ETF),GBP,943,Fizyczna,"0,40",Kwartalnie
GBR-LSE,IE00B1TXLS18,IUKP:LN,ISHARES UK PROPERTY UCITS (IUKP LN ETF),GBP,671,Fizyczna,"0,40",Kwartalnie
GBR-LSE,IE00B0M62S72,IDVY:LN,ISHARES EURO DIVIDEND UCITS (IDVY LN ETF),GBP,780,Fizyczna,"0,40",Kwartalnie
GBR-LSE,IE0008470928,EUN:LN,ISHARES STOXX EUROPE 50 UCITS  (EUN LN ETF),GBP,572,Fizyczna,"0,35",Kwartalnie
GBR-LSE,IE00BD3RYZ16,OMXS:LN,ISHARES OMX STOCKHOLM CAPPED UCITS (OMXS LN ETF),GBP,153,Fizyczna,"0,10",Nie wypłaca
GBR-LSE,IE00B0M62Y33,IAEX:LN,ISHARES AEX UCITS (IAEX LN ETF),GBP,636,Fizyczna,"0,30",Kwartalnie
GBR-LSE,IE00B1XNH568,IMIB:LN,ISHARES FTSE MIB UCITS (IMIB LN ETF),GBP,142,Fizyczna,"0,35",Półrocznie
GBR-LSE,IE00B4M7GH52,IPOL:LN,ISHARES MSCI POLAND UCITS (IPOL LN ETF),USD,54,Fizyczna,"0,74",Nie wypłaca
GPW-WWA,LU0252633754,LYXDAX:PW,LYXOR DAX (DR) UCITS ETF - ACC (ETFDAX),PLN,683,Fizyczna,"0,15",Nie wypłaca
GPW-WWA,PLBETF400025,BETAM40T:PW,BETA ETF MWIG40 TOTAL RETURN  (ETFBM40TR),PLN,45,Fizyczna,"1,09",Nie wypłaca
GPW-WWA,PLBTETF00015,BETAW20T:PW,BETA ETF WIG20 TOTAL RETURN  (ETFBW20TR),PLN,24,Fizyczna,"0,89",Nie wypłaca
GPW-WWA,PLBETF200011,BETAW20S:PW,BETA ETF WIG20SHORT  (ETFBW20ST),PLN,8,Fizyczna,"2,23",Nie wypłaca
GPW-WWA,PLBSWTR00014,ETFBS80T:PW,BETA ETF SWIG80 TOTAL RETURN  (ETFBS80TR),PLN,9,Fizyczna,"1,40",Nie wypłaca
GPW-WWA,PLBETWT00010,ETFBWTEC:PW,BETA ETF WIGTECH  (ETFBWTECH),PLN,2,Fizyczna,"1,20",Nie wypłaca
DEU-XETRA,IE00BMZ17W23,UEEA:GR,ISHARES MSCI WORLD SRI UCITS ETF EUR HEDGED (DIST) (UEEA GR ETF),EUR,8544,Fizyczna,"0,23",Kwartalnie
DEU-XETRA,IE00B8FHGS14,IQQ0:GR,ISHARES EDGE MSCI WORLD MINIMUM VOLATILITY UCITS (IQQ0 GR ETF),EUR,3060,Fizyczna,"0,30",Nie wypłaca
DEU-XETRA,IE00BTJRMP35,XMME:GR,DB X-TRACKERS MSCI EMERGING MARKET UCITS (XMME GR ETF),EUR,4874,Fizyczna,"0,18",Nie wypłaca
DEU-XETRA,IE00BYZK4552,2B76:GR,ISHARES AUTOMATION & ROBOTICS UCITS (2B76 GR ETF),EUR,3181,Fizyczna,"0,40",Nie wypłaca
DEU-XETRA,IE00B1XNHC34,IQQH:GR,ISHARES GLOBAL CLEAN ENERGY UCITS (IQQH GR ETF),EUR,4336,Fizyczna,"0,65",Półrocznie
DEU-XETRA,IE00B8GKDB10,VGWD:GR,VANGUARD FTSE ALL-WORLD HIGH DIVIDEND YIELD UCITS ETF DISTRIBUTING (VGWD GR ETF),EUR,4318,Fizyczna,"0,29",Kwartalnie
DEU-XETRA,IE00BYX2JD69,2B7K:GR,ISHARES MSCI WORLD SRI UCITS (2B7K GR ETF),EUR,8544,Fizyczna,"0,20",Nie wypłaca
DEU-XETRA,IE00BMY76136,XZWE:GR,XTRACKERS MSCI WORLD ESG UCITS ETF 2C EUR HEDGED (XZWE GR ETF),EUR,4325,Fizyczna,"0,25",b. d.
DEU-XETRA,IE00BFNM3P36,AYEM:GR,ISHARES MSCI EM ESG SCREENED UCITS ETF (AYEM GR ETF),EUR,2789,Fizyczna,"0,18",Nie wypłaca
DEU-XETRA,IE00B6R52036,IS0E:GR,ISHARES GOLD PRODUCERS UCITS (IS0E GR ETF),EUR,1576,Fizyczna,"0,55",Nie wypłaca
DEU-XETRA,IE00BZ02LR44,XZW0:GR,XTRACKERS MSCI WORLD ESG UCITS ETF (XZW0 GR ETF),EUR,4325,Fizyczna,"0,20",Nie wypłaca
DEU-XETRA,IE00B1FZS350,IQQ6:GR,ISHARES DEVELOPED MARKETS PROPERTY YIELD UCITS (IQQ6 GR ET),EUR,1553,Fizyczna,"0,59",Kwartalnie
DEU-XETRA,IE00BP3QZ825,IS3R:GR,ISHARES EDGE MSCI WORLD MOMENT UCITS (IS3R GR ETF),EUR,1453,Fizyczna,"0,30",Nie wypłaca
DEU-XETRA,IE00BP3QZB59,IS3S:GR,ISHARES MSCI WORLD VALUE FACTOR UCITS (IS3S GR ETF),EUR,4022,Fizyczna,"0,30",Nie wypłaca
DEU-XETRA,IE00BYPLS672,USPY:GR,L&G CYBER SECURITY UCITS  (USPY GR ETF),EUR,2565,Fizyczna,"0,69",Nie wypłaca
DEU-XETRA,IE00BM67HT60,XDWT:GR,DB X-TRACKERS MSCI WORLD INFORMATION TECH UCITS (XDWT GR ETF),EUR,2363,Fizyczna,"0,25",Nie wypłaca
DEU-XETRA,IE00B1TXK627,IQQQ:GR,ISHARES GLOBAL WATER UCITS (IQQQ GR ETF),EUR,2084,Fizyczna,"0,65",Półrocznie
DEU-XETRA,IE00BYZK4776,2B78:GR,ISHARES HEALTHCARE INNOVATION UCITS (2B78 GR ETF),EUR,1211,Fizyczna,"0,40",Nie wypłaca
DEU-XETRA,IE00BHZPJ239,EDM2:GR,ISHARES MSCI EM ESG ENHANCED UCITS (EDM2 GR ETF),EUR,3932,Fizyczna,"0,18",Nie wypłaca
DEU-XETRA,LU2109787395,SADU:GR,AMUNDI MSCI USA ESG LEADERS SELECT UCITS ETF (SADU GR ETF),EUR,2739,Fizyczna,"0,15",b. d.
DEU-XETRA,IE00BM67HK77,XDWH:GR,DB X-TRACKERS MSCI WORLD HEALTH CARE INDEX UCITS (XDWH GR ETF),EUR,1869,Fizyczna,"0,25",Nie wypłaca
DEU-XETRA,IE00BM67HM91,XDW0:GR,DB X-TRACKERS MSCI WORLD ENERGY UCITS (XDW0 GR ETF),EUR,1237,Fizyczna,"0,25",Nie wypłaca
DEU-XETRA,IE00BGBN6P67,BNXG:GR,INVESCO ELWOOD GLOBAL BLOCKCHAIN UCITS (BNXG GR ETF),EUR,474,Fizyczna,"0,65",Nie wypłaca
DEU-XETRA,IE00B1FZS467,IQQI:GR,ISHARES GLOBAL INFRASTRUCTURE UCITS (IQQI GR ETF),EUR,1548,Fizyczna,"0,65",Kwartalnie
DEU-XETRA,IE00BM67HL84,XDWF:GR,DB X-TRACKERS MSCI WORLD FINANCIAL UCITS (XDWF GR ETF),EUR,440,Fizyczna,"0,25",Nie wypłaca
DEU-XETRA,IE00B4L5YC18,EUNM:GR,ISHARES MSCI EM UCITS (EUNM GR ETF),EUR,2086,Fizyczna,"0,18",b. d.
DEU-XETRA,IE00BYWQWR46,ESP0:GR,VANECK VECTORS VIDEO GAMING AND ESPORTS UCITS  (ESP0 GR ETF),EUR,530,Fizyczna,"0,55",Nie wypłaca
DEU-XETRA,IE00BGV5VN51,XAIX:GR,XTRACKERS ARTIFICIAL INTELLIGENCE & BIG DATA UCITS ETF 1C (XAIX GR ETF),EUR,1087,Fizyczna,"0,35",Nie wypłaca
DEU-XETRA,LU0397221945,XQUI:GR,XTRACKERS PORTFOLIO UCITS ETF (XQUI GR ETF),EUR,562,Fizyczna,"0,70",Nie wypłaca
DEU-XETRA,IE00B8KGV557,EUNZ:GR,ISHARES EDGE MSCI EM MINIMUM VOLATILITY UCITS (EUNZ GR ETF),EUR,292,Fizyczna,"0,40",Nie wypłaca
DEU-XETRA,NL0010408704,TSWE:GR,VANECK SUSTAINABLE WORLD EQUAL WEIGHT UCITS ETF (TSWE GR ETF),EUR,630,Fizyczna,"0,20",Kwartalnie
DEU-XETRA,LU0488317701,CD91:GR,LYXOR NYSE ARCA GOLD BUGS UCITS (CD91 GR ETF),EUR,316,Fizyczna,"0,65",Rocznie
DEU-XETRA,IE00BQQP9G91,G2XJ:GR,VANECK VECTORS JUNIOR GOLD MINERS UCITS (G2XJ GR ETF),EUR,337,Fizyczna,"0,55",Nie wypłaca
DEU-XETRA,IE00BM67HR47,XWTS:GR,DB X-TRACKERS MSCI WORLD TELECOM UCITS (XWTS GR ETF),EUR,232,Fizyczna,"0,25",Nie wypłaca
DEU-XETRA,IE00B652H904,EUNY:GR,ISHARES EMERGING MARKETS DIVIDEND UCITS (EUNY GR ETF),EUR,526,Fizyczna,"0,65",Kwartalnie
DEU-XETRA,IE00BM67HN09,XDWS:GR,DB X-TRACKERS MSCI WORLD CONSUMER STAPLES UCITS (XDWS GR ETF),EUR,863,Fizyczna,"0,25",b. d.
DEU-XETRA,IE00BMYDM794,HTMW:GR,L&G HYDROGEN ECONOMY UCITS (HTMW GR ETF),EUR,481,Fizyczna,"0,49",Nie wypłaca
DEU-XETRA,IE00BKTLJC87,AYEU:GR,ISHARES SMART CITY INFRASTRUCTURE UCITS ETF USD ACC (AYEU GR ETF),EUR,338,Fizyczna,"0,40",Nie wypłaca
DEU-XETRA,LU2023678282,DRUP:GR,LYXOR MSCI DISRUPTIVE TECHNOLOGY ESG FILTERED UCITS (DRUP GR ETF),EUR,163,Fizyczna,"0,45",Nie wypłaca
DEU-XETRA,IE00BM67HP23,XDWC:GR,DB X-TRACKERS MSCI WORLD CONSUMER DISCRETIONARY UCITS (XDWC GR ETF),EUR,158,Fizyczna,"0,25",Nie wypłaca
DEU-XETRA,IE00B3YLTY66,SPYI:GR,SPDR MSCI ACWI IMI UCITS (SPYI GR ETF),EUR,661,Fizyczna,"0,17",Nie wypłaca
DEU-XETRA,IE00B3F81G20,EUNI:GR,ISHARES MSCI EM SMALL CAP UCITS (EUNI GR ETF),EUR,306,Fizyczna,"0,74",Półrocznie
DEU-XETRA,IE00B8GF1M35,SPYJ:GR,SPDR DOW JONES GLOBAL REAL ESTATE UCITS (SPYJ GR ETF),EUR,251,Fizyczna,"0,40",Kwartalnie
DEU-XETRA,IE00BK5BCD43,XMLD:GR,L&G ARTIFICIAL INTELLIGENCE UCITS (XMLD GR ETF),EUR,385,Fizyczna,"0,49",Nie wypłaca
DEU-XETRA,IE00BK5BC677,XMLH:GR,L&G HEALTHCARE BREAKTHROUGH UCITS (XMLH GR ETF),EUR,108,Fizyczna,"0,49",Nie wypłaca
DEU-XETRA,IE00BGV5VR99,XMOV:GR,XTRACKERS FUTURE MOBILITY UCITS (XMOV GR ETF),EUR,119,Fizyczna,"0,35",Nie wypłaca
DEU-XETRA,IE00BLRPQH31,RIZF:GR,RIZE SUSTAINABLE FUTURE OF FOOD UCITS (RIZF GR ETF),EUR,178,Fizyczna,"0,45",Nie wypłaca
DEU-XETRA,IE00BK5BC891,XMLC:GR,L&G CLEAN WATER UCITS (XMLC GR ETF),EUR,420,Fizyczna,"0,49",b. d.
DEU-XETRA,IE00BK5BCH80,RENW:GR,L&G CLEAN ENERGY UCITS (RENW GR ETF),EUR,180,Fizyczna,"0,49",Nie wypłaca
DEU-XETRA,IE00BNC1F287,ECLM:GR,HANETF ICLIMA GLOBAL DECARBONISATION ENABLERS UCITS (ECLM GR ETF),EUR,35,Fizyczna,"0,65",Nie wypłaca
DEU-XETRA,LU2109787635,SRHE:GR,AMUNDI INDEX MSCI EMU SRI UCITS DR (SRHE GR ETF),EUR,279,Fizyczna,"0,18",Nie wypłaca
DEU-XETRA,IE000NDWFGA5,URNU:GR,GLOBAL X URANIUM UCITS ETF (URNU GR ETF),EUR,68,Fizyczna,"0,65",Nie wypłaca
DEU-XETRA,IE0002PG6CA6,VVMX:GR,VANECK VECTORS RARE EARTH AND STRATEGIC METALS UCITS ETF ACC  (VVMX GR ETF),EUR,127,Fizyczna,"0,59",Nie wypłaca
DEU-XETRA,IE00BL0BMZ89,VVGM:GR,VANECK MORNINGSTAR GLOBAL WIDE MOAT UCITS ETF (VVGM GR ETF),EUR,76,Fizyczna,"0,52",Nie wypłaca
GBR-LSE,IE00B4L5Y983,SWDA:LN,ISHARES CORE MSCI WORLD UCITS (SWDA LN ETF),GBP,58250,Fizyczna,"0,20",Nie wypłaca
GBR-LSE,IE00B3RBWM25,VWRL:LN,VANGUARD FTSE ALL-WORLD UCITS ETF (VWRL LN ETF),GBP,19053,Fizyczna,"0,22",Kwartalnie
GBR-LSE,IE00BKM4GZ66,EMIM:LN,ISHARES CORE MSCI EM IMI UCITS  (EMIM LN ETF),GBP,18384,Fizyczna,"0,18",Nie wypłaca
GBR-LSE,IE00BK5BQT80,VWRA:LN,VANGUARD FTSE ALL-WORLD UCITS ETF USD-ACC (VWRA LN ETF),USD,19053,Fizyczna,"0,22",Nie wypłaca
GBR-LSE,IE00BYXYYK40,JPEA:LN,ISHARES J.P. MORGAN USD EMERGING MARKETS BOND UCITS ACC (JPEA LN ETF),USD,6577,Fizyczna,"0,45",Nie wypłaca
GBR-LSE,IE00BJ0KDQ92,XDWD:LN,XTRACKERS MSCI WORLD UCITS (XDWD LN ETF),USD,11663,Fizyczna,"0,19",Nie wypłaca
GBR-LSE,IE00B6R52259,ISAC:LN,ISHARES MSCI ACWI UCITS (ISAC LN ETF),USD,8443,Fizyczna,"0,20",Nie wypłaca
GBR-LSE,IE00B0M62Q58,IWRD:LN,ISHARES MSCI WORLD UCITS (IWRD LN ETF),GBP,6104,Fizyczna,"0,50",Kwartalnie
GBR-LSE,IE00B8FHGS14,MVOL:LN,ISHARES EDGE MSCI WORLD MINIMUM VOLATILITY UCITS (MVOL LN ETF),USD,3060,Fizyczna,"0,30",Nie wypłaca
GBR-LSE,IE00BYZK4552,RBOT:LN,ISHARES AUTOMATION & ROBOTICS UCITS (RBOT LN ETF),USD,3181,Fizyczna,"0,40",Nie wypłaca
GBR-LSE,IE00B0M63177,IEEM:LN,ISHARES MSCI EM UCITS (IEEM LN ETF),GBP,3923,Fizyczna,"0,18",Kwartalnie
GBR-LSE,IE00BK5BR733,VFEA:LN,VANGUARD FTSE EMERGING MARKETS UCITS ETF ACC (VFEA LN ETF),USD,2648,Fizyczna,"0,22",Nie wypłaca
GBR-LSE,IE00B3VVMM84,VDEM:LN,VANGUARD FTSE EMERGING MARKETS UCITS (VDEM LN ETF),USD,2648,Fizyczna,"0,22",Kwartalnie
GBR-LSE,IE00BYPLS672,USPY:LN,L&G CYBER SECURITY UCITS (USPY LN ETF),USD,2565,Fizyczna,"0,69",Nie wypłaca
GBR-LSE,IE00BF4RFH31,WSML:LN,ISHARES MSCI WORLD SMALL CAP UCITS (WSML LN ETF),USD,3142,Fizyczna,"0,35",Nie wypłaca
GBR-LSE,IE00B1TXK627,DH2O:LN,ISHARES GLOBAL WATER UCITS (DH2O LN ETF),USD,2084,Fizyczna,"0,65",Półrocznie
GBR-LSE,IE00BP3QZ601,IWQU:LN,ISHARES EDGE MSCI WORLD QUALITY FACTOR UCITS (IWQU LN ETF),USD,2650,Fizyczna,"0,30",Nie wypłaca
GBR-LSE,IE00BYVJRP78,SUSM:LN,ISHARES MSCI EM SRI UCITS (SUSM LN ETF),USD,4060,Fizyczna,"0,25",Nie wypłaca
GBR-LSE,IE00B8GKDB10,VHYL:LN,VANGUARD FTSE ALL-WORLD HIGH DIVIDEND YIELD UCITS (VHYL LN ETF),GBP,4318,Fizyczna,"0,29",Kwartalnie
GBR-LSE,IE00BYZK4883,DGTL:LN,ISHARES DIGITALISATION UCITS (DGTL LN ETF),USD,984,Fizyczna,"0,40",Nie wypłaca
GBR-LSE,IE00BG0J4C88,LOCK:LN,ISHARES DIGITAL SECURITY UCITS (LOCK LN ETF),USD,1830,Fizyczna,"0,40",Nie wypłaca
GBR-LSE,IE00BKX55T58,VDEV:LN,VANGUARD FTSE DEVELOPED WORLD UCITS (VDEV LN ETF),USD,3230,Fizyczna,"0,12",Kwartalnie
GBR-LSE,IE00BK5BQV03,VHVE:LN,VANGUARD FTSE DEVELOPED WORLD UCITS ETF ACC (VHVE LN ETF),USD,3230,Fizyczna,"0,12",Nie wypłaca
GBR-LSE,IE00B1TXHL60,IDPE:LN,ISHARES LISTED PRIVATE EQUITY UCITS ETF (IDPE LN ETF),USD,617,Fizyczna,"0,75",Półrocznie
GBR-LSE,IE00BGBN6P67,BCHN:LN,INVESCO ELWOOD GLOBAL BLOCKCHAIN UCITS (BCHN LN ETF),USD,474,Fizyczna,"0,65",Nie wypłaca
GBR-LSE,IE00BQQP9F84,GDX:LN,VANECK VECTORS GOLD MINERS UCITS ETF (GDX LN ETF),USD,703,Fizyczna,"0,53",Nie wypłaca
GBR-LSE,IE00B9CQXS71,GLDV:LN,SPDR GLOBAL DIVIDEND ARISTOCRATS (GLDV LN ETF),USD,1043,Fizyczna,"0,45",Kwartalnie
GBR-LSE,IE00BF0M2Z96,BATT:LN,L&G BATTERY VALUE-CHAIN UCITS  (BATT LN ETF),USD,912,Fizyczna,"0,49",Nie wypłaca
GBR-LSE,IE00BYZK4669,AGED:LN,ISHARES AGEING POPULATION UCITS (AGED LN ETF),USD,738,Fizyczna,"0,40",Nie wypłaca
GBR-LSE,IE00BGL86Z12,ECAR:LN,ISHARES ELECTRIC VEHICLES & DRIVING TECHNOLOGY UCITS (ECAR LN ETF),USD,805,Fizyczna,"0,40",Nie wypłaca
GBR-LSE,IE00BZ56RN96,GGRP:LN,WISDOMTREE GLOBAL QUALITY DIVIDEND GROWTH UCITS ETF - USD (GGRP LN ETF),USD,739,Fizyczna,"0,38",Półrocznie
GBR-LSE,IE00B469F816,EMRD:LN,SPDR MSCI EMERGING MARKETS UCITS (EMRD LN ETF),USD,340,Fizyczna,"0,18",Nie wypłaca
GBR-LSE,IE00BF0M6N54,ECOM:LN,L&G ECOMMERCE LOGISTICS UCITS (ECOM LN ETF),USD,295,Fizyczna,"0,49",Nie wypłaca
GBR-LSE,XS2115336336,RMAU:LN,THE ROYAL MINT PHYSICAL GOLD ETC SECURITIES (RMAU LN ETF),USD,828,Fizyczna,"0,25",Nie wypłaca
GBR-LSE,IE00B652H904,IEDY:LN,ISHARES EMERGING MARKETS DIVIDEND UCITS (IEDY LN ETF),USD,526,Fizyczna,"0,65",Kwartalnie
GBR-LSE,IE00BYXG2H39,BTEC:LN,ISHARES NASDAQ US BIOTECHNOLOGY UCITS (BTEC LN ETF),USD,441,Fizyczna,"0,35",Nie wypłaca
GBR-LSE,IE00BKLF1R75,VOLT:LN,WISDOMTREE BATTERY SOLUTIONS UCITS ETF - USD ACC (VOLT LN ETF),USD,301,Fizyczna,"0,40",Nie wypłaca
GBR-LSE,IE00BYTRR863,WNRG:LN,SPDR WORLD ENERGY UCITS (WNRG LN ETF),USD,465,Fizyczna,"0,30",Nie wypłaca
GBR-LSE,IE00B6R52143,ISAG:LN,ISHARES AGRIBUSINESS UCITS (ISAG LN ETF),USD,657,Fizyczna,"0,55",Nie wypłaca
GBR-LSE,NL0011683594,TDIV:LN,VANECK MORNINGSTAR DEVELOPED MARKETS DIVIDEND LEADERS UCITS ETF (TDIV LN ETF),USD,421,Fizyczna,"0,38",Kwartalnie
GBR-LSE,IE00B6R51Z18,SPOG:LN,ISHARES OIL & GAS EXPLORATION & PRODUCTION UCITS (SPOG LN ETF),GBP,346,Fizyczna,"0,55",Nie wypłaca
GBR-LSE,IE00B27YCF74,WOOD:LN,ISHARES GLOBAL TIMBER & FORESTRY UCITS (WOOD LN ETF),GBP,160,Fizyczna,"0,65",Półrocznie
GBR-LSE,IE00BMDH1538,HDRO:LN,VANECK HYDROGEN ETF (HDRO LN ETF),USD,100,Fizyczna,"0,55",Nie wypłaca
GBR-LSE,IE00BDFBTQ78,GDIG:LN,VANECK VECTORS GLOBAL MINING UCITS A (GDIG LN ETF),USD,515,Fizyczna,"0,50",Nie wypłaca
GBR-LSE,IE00BDDRF700,ITEK:LN,HAN-GINS TECH MEGATREND EQUAL WEIGHT UCITS (ITEK LN ETF),USD,78,Fizyczna,"0,59",Nie wypłaca
GBR-LSE,LU2023678449,GENY:LN,LYXOR MSCI MILLENNIALS ESG FILTERED (DR) UCITS (GENY LN ETF),USD,51,Fizyczna,"0,45",Nie wypłaca
GBR-LSE,IE00BF5DXP42,LEGR:LN,FIRST TRUST INDXX INNOVATIVE TRANSACTION & PROCESS UCITS (LEGR LN ETF),USD,82,Fizyczna,"0,65",Nie wypłaca
DEU-XETRA,IE00B5M4WH52,IUSP:GR,ISHARES J.P. MORGAN EM LOCAL GOVT BOND UCITS (IUSP GR ETF),EUR,5452,Fizyczna,"0,50",Półrocznie
DEU-XETRA,IE00BGPP6697,IBB1:GR,ISHARES USD TREASURY BOND 7-10YR UCITS ETF EUR (DIST) (IBB1 GR ETF),EUR,8080,Fizyczna,"0,10",Niereg.
DEU-XETRA,IE00B2NPKV68,IUS7:GR,ISHARES J.P. MORGAN EM BOND UCITS (IUS7 GR ETF),EUR,6577,Fizyczna,"0,45",Miesięcznie
DEU-XETRA,IE00B14X4S71,IUSU:GR,ISHARES USD TREASURY 1-3YR  UCITS (IUSU GR ETF),EUR,9817,Fizyczna,"0,07",Półrocznie
DEU-XETRA,IE00BDFK1573,2B7S:GR,ISHARES USD TREASURY BOND 1-3YR UCITS ETF EUR HEDGED (ACC) (2B7S GR ETF),EUR,9817,Fizyczna,"0,10",b. d.
DEU-XETRA,IE00B1FZS798,IUSM:GR,ISHARES USD TREASURY BOND 7-10YR UCITS  (IUSM GR ETF),EUR,8080,Fizyczna,"0,07",Półrocznie
DEU-XETRA,LU0290355717,XGLE:GR,DB X-TRACKERS EURO GOV BOND UCITS (XGLE GR ETF),EUR,2803,Fizyczna,"0,15",Nie wypłaca
DEU-XETRA,LU0378818131,DBZB:GR,DB X-TRACKERS II GLOBAL GOVERNMENT UCITS (DBZB GR ETF),EUR,2094,Fizyczna,"0,25",Nie wypłaca
DEU-XETRA,LU0321462953,XEMB:GR,DB X-TRACKERS II USD EMERGING MARKETS BOND UCITS (XEMB GR ETF),EUR,353,Fizyczna,"0,40",Nie wypłaca
DEU-XETRA,IE00B3F81K65,EUN3:GR,ISHARES GLOBAL GOVERNMENT BOND UCITS (EUN3 GR ETF),EUR,2415,Fizyczna,"0,20",Półrocznie
DEU-XETRA,IE00BF2FN869,TRDE:GR,INVESCO US TRES 7-10 YR EHD (TRDE GR ETF),EUR,3457,Fizyczna,"0,10",Kwartalnie
DEU-XETRA,IE00BSKRJZ44,IS04:GR,ISHARES USD TREASURY 20PLUS YR UCITS (IS04 GR ETF),EUR,5238,Fizyczna,"0,07",Półrocznie
DEU-XETRA,IE00BDS67326,EM1C:GR,VANECK J.P. MORGAN EM LOCAL CURRENCY BOND UCITS ETF (EM1C GR ETF),EUR,129,Fizyczna,"0,30",b. d.
GBR-LSE,IE00B2NPKV68,IEMB:LN,ISHARES J.P. MORGAN USD EMERGING MARKETS BOND UCITS (IEMB LN ETF),USD,6577,Fizyczna,"0,45",Miesięcznie
GBR-LSE,IE00B5M4WH52,IEML:LN,ISHARES J.P. MORGAN EM LOCAL GOVT BOND UCITS (IEML LN ETF),USD,5452,Fizyczna,"0,50",Półrocznie
GBR-LSE,IE00BYXPSP02,IBTA:LN,ISHARES USD TREASURY 1-3Y (IBTA LN ETF),USD,9817,Fizyczna,"0,07",Nie wypłaca
GBR-LSE,IE00B3VWN393,CBU7:LN,ISHARES USD TREASURY BOND 3-7YR ( CBU7 LN ETF),USD,6012,Fizyczna,"0,07",Nie wypłaca
GBR-LSE,IE00BF2FN646,TREX:LN,INVESCO US TRES 7-10 YR DIST (TREX LN ETF),USD,3457,Fizyczna,"0,06",Kwartalnie
GBR-LSE,IE00B1FZSB30,IGLT:LN,ISHARES CORE UK GILTS UCITS (IGLT LN ETF),GBP,2648,Fizyczna,"0,07",Półrocznie
GBR-LSE,IE00B4WXJK79,IGLS:LN,ISHARES UK GILT 0-5 UCITS (IGLS LN ETF),GBP,3905,Fizyczna,"0,07",Półrocznie
GBR-LSE,IE00BSKRJZ44,IDTL:LN,ISHARES USD TREASURY 20PLUS YR UCITS (IDTL LN ETF),USD,5238,Fizyczna,"0,07",Półrocznie
GBR-LSE,IE00BF2GFH28,TRES:LN,INVESCO US TREASURY DIST (TRES LN ETF),USD,956,Fizyczna,"0,06",Kwartalnie
GBR-LSE,IE00BGYWFS63,VDTA:LN,VANGUARD USD TREASURY BOND UCITS ETF ACC (VDTA LN ETF),USD,1877,Fizyczna,"0,07",Nie wypłaca
GBR-LSE,IE00BZ163M45,VDTY:LN,VANGUARD USD TREASURY BOND UCITS (VDTY LN ETF),USD,1877,Fizyczna,"0,07",Miesięcznie
DEU-XETRA,IE00B3F81R35,EUN5:GR,ISHARES CORE EUR0 CORP BOND UCITS (EUN5 GR ETF),EUR,16269,Fizyczna,"0,20",Półrocznie
DEU-XETRA,IE00B66F4759,EUNW:GR,ISHARES EUR HIGH YIELD CORP BOND UCITS (EUNW GR ETF),EUR,5928,Fizyczna,"0,50",Półrocznie
DEU-XETRA,IE0032895942,IBCD:GR,ISHARES USD CORPORATE BOND UCITS (IBCD GR ETF),EUR,8508,Fizyczna,"0,20",Kwartalnie
DEU-XETRA,IE00B4PY7Y77,IS0R:GR,ISHARES USD HIGH YIELD CORPORATE BOND UCITS (IS0R GR ETF),EUR,5318,Fizyczna,"0,50",Półrocznie
DEU-XETRA,IE00BCRY5Y77,IS3J:GR,ISHARES USD SHORT DURATION CORPORATE BOND UCITS (IS3J GR ETF),EUR,5730,Fizyczna,"0,20",Kwartalnie
DEU-XETRA,IE00B7J7TB45,IS0X:GR,ISHARES GLOBAL CORP BOND UCITS (IS0X GR ETF),EUR,3730,Fizyczna,"0,20",Półrocznie
DEU-XETRA,LU0478205379,D5BG:GR,DB X-TRACKERS II EUR CORP BOND UCITS (D5BG GR ETF),EUR,3795,Fizyczna,"0,12",Nie wypłaca
DEU-XETRA,IE00BH4G7D40,36BA:GR,ISHARES USD CORPORATE BOND ESG UCITS ETF EUR HEDGED (DIST) (36BA GR ETF),EUR,2234,Fizyczna,"0,17",Półrocznie
DEU-XETRA,IE00BCRY6003,IS3K:GR,ISHARES USD SHORT DURATION HIGH YIELD CORP BOND UCIITS (IS3K GR ETF),EUR,1405,Fizyczna,"0,45",Półrocznie
DEU-XETRA,IE00B74DQ490,IBC9:GR,ISHARES GLOBAL HIGH YIELD CORP BOND UCITS (IBC9 GR ETF),EUR,2093,Fizyczna,"0,50",Półrocznie
DEU-XETRA,IE00BZ048579,SNAV:GR,ISHARES USD CORP BOND 0-3YR ESG UCITS ETF (SNAV GR ETF),EUR,1100,Fizyczna,"0,12",Półrocznie
GBR-LSE,IE00BYXYYP94,SDIA:LN,ISHARES USD SHORT DURATION CORPORATE BOND UCITS ETF ACC (SDIA LN ETF),USD,5730,Fizyczna,"0,20",Nie wypłaca
GBR-LSE,IE0032895942,LQDE:LN,ISHARES USD CORPORATE BOND UCITS (LQDE LN ETF),USD,8508,Fizyczna,"0,20",Kwartalnie
GBR-LSE,IE00BYXYYJ35,LQDA:LN,ISHARES USD CORPORATE BOND UCITS ACC (LQDA LN ETF),GBP,8508,Fizyczna,"0,20",Nie wypłaca
GBR-LSE,IE00BYXYYL56,IHYA:LN,ISHARES USD HIGH YIELD CORPORATE BOND UCITS ACC (IHYA LN ETF),USD,5318,Fizyczna,"0,50",Nie wypłaca
GBR-LSE,IE00B4PY7Y77,IHYU:LN,ISHARES USD HIGH YIELD CORPORATE BOND UCITS (IHYU LN ETF),USD,5318,Fizyczna,"0,50",Półrocznie
GBR-LSE,IE00BYXYYN70,IMBA:LN,ISHARES US MORTGAGE BACKED SECURITIES UCITS ACC (IMBA LN ETF),USD,2229,Fizyczna,"0,28",Nie wypłaca
GBR-LSE,IE00B99FL386,SJNK:LN,SPDR BLOOMBERG SASB U.S. HY CORP ESG UCITS ETF DIS (SJNK LN ETF),USD,194,Fizyczna,"0,30",Półrocznie
GBR-LSE,IE00BYM31M36,WING:LN,ISHARES FALLEN ANGELS HIGH YIELD CORP BOND UCITS (WING LN ETF),USD,971,Fizyczna,"0,50",Półrocznie
DEU-XETRA,IE00B1FZSC47,IUST:GR,ISHARES USD TIPS UCITS (IUST GR ETF),EUR,4822,Fizyczna,"0,10",Nie wypłaca
DEU-XETRA,LU1452600270,TIUP:GR,LYXOR CORE US TIPS UCITS (TIUP GR ETF),EUR,1662,Fizyczna,"0,09",Rocznie
DEU-XETRA,LU0290357929,XGIN:GR,DB X-TRACKERS II GLOBAL INFLATION LINKED BONDS UCITS (XGIN GR ETF),EUR,1283,Fizyczna,"0,25",Nie wypłaca
DEU-XETRA,IE00B3B8PX14,IUS5:GR,ISHARES GL INFL-L GOV BOND UCITS (IUS5 GR ETF),EUR,1279,Fizyczna,"0,20",Nie wypłaca
DEU-XETRA,IE00BDQYWQ65,SXRH:GR,ISHARES USD TIPS 0-5 UCITS (SXRH GR ETF),EUR,931,Fizyczna,"0,10",Półrocznie
DEU-XETRA,LU0290358224,XEIN:GR,DB X-TRACKERS II EUROZONE INFLATION UCITS (XEIN GR ETF),EUR,648,Fizyczna,"0,15",Nie wypłaca
GBR-LSE,LU1452600270,TIPU:LN,LYXOR CORE US TIPS UCITS (TIPU LN ETF),USD,1662,Fizyczna,"0,09",Rocznie
DEU-XETRA,IE00BDBRDM35,EUNA:GR,ISHARES CORE GLOBAL AGGREGATE BOND UCITS ETF EUR HEDGED (ACC) (EUNA GR ETF),EUR,7523,Fizyczna,"0,10",Nie wypłaca
DEU-XETRA,IE00BZ048462,QDVY:GR,ISHARES USD FLOATING RATE BOND UCITS (QDVY GR ETF),EUR,2306,Fizyczna,"0,10",Półrocznie
DEU-XETRA,IE00B44CGS96,EUNX:GR,ISHARES US AGGREGATE BOND UCITS (EUNX GR ETF),EUR,4347,Fizyczna,"0,25",Półrocznie
DEU-XETRA,IE00BZ6V7883,QDVP:GR,ISHARES US MBS UCITS (QDVP GR ETF),EUR,2229,Fizyczna,"0,28",Półrocznie
DEU-XETRA,IE000APK27S2,AEGE:GR,ISHARES GLOBAL AGGREGATE BOND ESG UCITS ETF EUR HEDGED (ACC) (AEGE GR ETF),EUR,1816,Fizyczna,"0,10",b. d.
DEU-XETRA,IE00BNH72088,ZPRC:GR,SPDR THOMSON REUTERS GLOBAL CONVERTIBLE BOND UCITS (ZPRC GR ETF),EUR,967,Fizyczna,"0,50",Półrocznie
DEU-XETRA,LU0942970798,XBAE:GR,XTRACKERS II GLOBAL AGGREGATE BOND SWAP UCITS ETF 5C - EUR HEDGED (XBAE GR ETF),EUR,679,Fizyczna,"0,15",Nie wypłaca
GBR-LSE,IE00B3F81409,AGGG:LN,ISHARES CORE GLOBAL AGGREGATE BOND UCITS ETF USD (AGGG LN ETF),USD,7523,Fizyczna,"0,10",Półrocznie
GBR-LSE,IE00BDFGJ627,FLOA:LN,ISHARES USD FLOATING RATE BOND UCITS ETF USD ACC (FLOA LN ETF),USD,2306,Fizyczna,"0,10",Nie wypłaca
GBR-LSE,IE00BYXYYM63,IUAA:LN,ISHARES US AGGREGATE BOND UCITS ETF ACC (IUAA LN ETF),USD,4347,Fizyczna,"0,25",Nie wypłaca
DEU-XETRA,IE00B3F81R35,EUN5:GR,ISHARES CORE EUR0 CORP BOND UCITS (EUN5 GR ETF),EUR,16269,Fizyczna,"0,20",Półrocznie
DEU-XETRA,IE00B66F4759,EUNW:GR,ISHARES EUR HIGH YIELD CORP BOND UCITS (EUNW GR ETF),EUR,5928,Fizyczna,"0,50",Półrocznie
DEU-XETRA,LU0290355717,XGLE:GR,DB X-TRACKERS EURO GOV BOND UCITS (XGLE GR ETF),EUR,2803,Fizyczna,"0,15",Nie wypłaca
DEU-XETRA,LU0478205379,D5BG:GR,DB X-TRACKERS II EUR CORP BOND UCITS (D5BG GR ETF),EUR,3795,Fizyczna,"0,12",Nie wypłaca
DEU-XETRA,LU0290358224,XEIN:GR,DB X-TRACKERS II EUROZONE INFLATION UCITS (XEIN GR ETF),EUR,648,Fizyczna,"0,15",Nie wypłaca
GBR-LSE,IE00B1FZSB30,IGLT:LN,ISHARES CORE UK GILTS UCITS (IGLT LN ETF),GBP,2648,Fizyczna,"0,07",Półrocznie
GBR-LSE,IE00B4WXJK79,IGLS:LN,ISHARES UK GILT 0-5 UCITS (IGLS LN ETF),GBP,3905,Fizyczna,"0,07",Półrocznie
GPW-WWA,PLBTBSP00012,ETFBTBSP:PW,BETA ETF TBSP  (ETFBTBSP),PLN,12,Fizyczna,"0,50",Nie wypłaca
DEU-XETRA,IE00B14X4S71,IUSU:GR,ISHARES USD TREASURY 1-3YR  UCITS (IUSU GR ETF),EUR,9817,Fizyczna,"0,07",Półrocznie
DEU-XETRA,IE00BDFK1573,2B7S:GR,ISHARES USD TREASURY BOND 1-3YR UCITS ETF EUR HEDGED (ACC) (2B7S GR ETF),EUR,9817,Fizyczna,"0,10",b. d.
DEU-XETRA,IE0032895942,IBCD:GR,ISHARES USD CORPORATE BOND UCITS (IBCD GR ETF),EUR,8508,Fizyczna,"0,20",Kwartalnie
DEU-XETRA,IE00B4PY7Y77,IS0R:GR,ISHARES USD HIGH YIELD CORPORATE BOND UCITS (IS0R GR ETF),EUR,5318,Fizyczna,"0,50",Półrocznie
DEU-XETRA,IE00B1FZS798,IUSM:GR,ISHARES USD TREASURY BOND 7-10YR UCITS  (IUSM GR ETF),EUR,8080,Fizyczna,"0,07",Półrocznie
DEU-XETRA,IE00BCRY5Y77,IS3J:GR,ISHARES USD SHORT DURATION CORPORATE BOND UCITS (IS3J GR ETF),EUR,5730,Fizyczna,"0,20",Kwartalnie
DEU-XETRA,IE00BZ048462,QDVY:GR,ISHARES USD FLOATING RATE BOND UCITS (QDVY GR ETF),EUR,2306,Fizyczna,"0,10",Półrocznie
DEU-XETRA,IE00B1FZSC47,IUST:GR,ISHARES USD TIPS UCITS (IUST GR ETF),EUR,4822,Fizyczna,"0,10",Nie wypłaca
DEU-XETRA,IE00B44CGS96,EUNX:GR,ISHARES US AGGREGATE BOND UCITS (EUNX GR ETF),EUR,4347,Fizyczna,"0,25",Półrocznie
DEU-XETRA,IE00BZ6V7883,QDVP:GR,ISHARES US MBS UCITS (QDVP GR ETF),EUR,2229,Fizyczna,"0,28",Półrocznie
DEU-XETRA,IE00BH4G7D40,36BA:GR,ISHARES USD CORPORATE BOND ESG UCITS ETF EUR HEDGED (DIST) (36BA GR ETF),EUR,2234,Fizyczna,"0,17",Półrocznie
DEU-XETRA,LU1452600270,TIUP:GR,LYXOR CORE US TIPS UCITS (TIUP GR ETF),EUR,1662,Fizyczna,"0,09",Rocznie
GBR-LSE,IE00BF2FN646,TREX:LN,INVESCO US TRES 7-10 YR DIST (TREX LN ETF),USD,3457,Fizyczna,"0,06",Kwartalnie
DEU-XETRA,IE00BF2FN869,TRDE:GR,INVESCO US TRES 7-10 YR EHD (TRDE GR ETF),EUR,3457,Fizyczna,"0,10",Kwartalnie
DEU-XETRA,IE00BCRY6003,IS3K:GR,ISHARES USD SHORT DURATION HIGH YIELD CORP BOND UCIITS (IS3K GR ETF),EUR,1405,Fizyczna,"0,45",Półrocznie
DEU-XETRA,IE00BSKRJZ44,IS04:GR,ISHARES USD TREASURY 20PLUS YR UCITS (IS04 GR ETF),EUR,5238,Fizyczna,"0,07",Półrocznie
DEU-XETRA,IE00BDQYWQ65,SXRH:GR,ISHARES USD TIPS 0-5 UCITS (SXRH GR ETF),EUR,931,Fizyczna,"0,10",Półrocznie
DEU-XETRA,IE00BZ048579,SNAV:GR,ISHARES USD CORP BOND 0-3YR ESG UCITS ETF (SNAV GR ETF),EUR,1100,Fizyczna,"0,12",Półrocznie
GBR-LSE,IE00BYXYYK40,JPEA:LN,ISHARES J.P. MORGAN USD EMERGING MARKETS BOND UCITS ACC (JPEA LN ETF),USD,6577,Fizyczna,"0,45",Nie wypłaca
GBR-LSE,IE00BYXPSP02,IBTA:LN,ISHARES USD TREASURY 1-3Y (IBTA LN ETF),USD,9817,Fizyczna,"0,07",Nie wypłaca
GBR-LSE,IE00BYXYYP94,SDIA:LN,ISHARES USD SHORT DURATION CORPORATE BOND UCITS ETF ACC (SDIA LN ETF),USD,5730,Fizyczna,"0,20",Nie wypłaca
GBR-LSE,IE0032895942,LQDE:LN,ISHARES USD CORPORATE BOND UCITS (LQDE LN ETF),USD,8508,Fizyczna,"0,20",Kwartalnie
GBR-LSE,IE00B4PY7Y77,IHYU:LN,ISHARES USD HIGH YIELD CORPORATE BOND UCITS (IHYU LN ETF),USD,5318,Fizyczna,"0,50",Półrocznie
GBR-LSE,IE00BDFGJ627,FLOA:LN,ISHARES USD FLOATING RATE BOND UCITS ETF USD ACC (FLOA LN ETF),USD,2306,Fizyczna,"0,10",Nie wypłaca
GBR-LSE,IE00BYXYYN70,IMBA:LN,ISHARES US MORTGAGE BACKED SECURITIES UCITS ACC (IMBA LN ETF),USD,2229,Fizyczna,"0,28",Nie wypłaca
GBR-LSE,IE00B3VWN393,CBU7:LN,ISHARES USD TREASURY BOND 3-7YR ( CBU7 LN ETF),USD,6012,Fizyczna,"0,07",Nie wypłaca
GBR-LSE,LU1452600270,TIPU:LN,LYXOR CORE US TIPS UCITS (TIPU LN ETF),USD,1662,Fizyczna,"0,09",Rocznie
GBR-LSE,IE00BYXYYM63,IUAA:LN,ISHARES US AGGREGATE BOND UCITS ETF ACC (IUAA LN ETF),USD,4347,Fizyczna,"0,25",Nie wypłaca
GBR-LSE,IE00BSKRJZ44,IDTL:LN,ISHARES USD TREASURY 20PLUS YR UCITS (IDTL LN ETF),USD,5238,Fizyczna,"0,07",Półrocznie
GBR-LSE,IE00BF2GFH28,TRES:LN,INVESCO US TREASURY DIST (TRES LN ETF),USD,956,Fizyczna,"0,06",Kwartalnie
GBR-LSE,IE00B99FL386,SJNK:LN,SPDR BLOOMBERG SASB U.S. HY CORP ESG UCITS ETF DIS (SJNK LN ETF),USD,194,Fizyczna,"0,30",Półrocznie
GBR-LSE,IE00BZ163M45,VDTY:LN,VANGUARD USD TREASURY BOND UCITS (VDTY LN ETF),USD,1877,Fizyczna,"0,07",Miesięcznie
DEU-XETRA,IE00B5M4WH52,IUSP:GR,ISHARES J.P. MORGAN EM LOCAL GOVT BOND UCITS (IUSP GR ETF),EUR,5452,Fizyczna,"0,50",Półrocznie
DEU-XETRA,IE00B2NPKV68,IUS7:GR,ISHARES J.P. MORGAN EM BOND UCITS (IUS7 GR ETF),EUR,6577,Fizyczna,"0,45",Miesięcznie
DEU-XETRA,IE00BDBRDM35,EUNA:GR,ISHARES CORE GLOBAL AGGREGATE BOND UCITS ETF EUR HEDGED (ACC) (EUNA GR ETF),EUR,7523,Fizyczna,"0,10",Nie wypłaca
DEU-XETRA,LU0378818131,DBZB:GR,DB X-TRACKERS II GLOBAL GOVERNMENT UCITS (DBZB GR ETF),EUR,2094,Fizyczna,"0,25",Nie wypłaca
DEU-XETRA,IE00B7J7TB45,IS0X:GR,ISHARES GLOBAL CORP BOND UCITS (IS0X GR ETF),EUR,3730,Fizyczna,"0,20",Półrocznie
DEU-XETRA,LU0321462953,XEMB:GR,DB X-TRACKERS II USD EMERGING MARKETS BOND UCITS (XEMB GR ETF),EUR,353,Fizyczna,"0,40",Nie wypłaca
DEU-XETRA,IE00B3F81K65,EUN3:GR,ISHARES GLOBAL GOVERNMENT BOND UCITS (EUN3 GR ETF),EUR,2415,Fizyczna,"0,20",Półrocznie
DEU-XETRA,IE00B9M6RS56,IS3C:GR,ISHARES J.P. MORGAN USD EM BOND EUR HEDGED UCITS ETF (DIST) (IS3C GR ETF),EUR,2347,Fizyczna,"0,50",Miesięcznie
DEU-XETRA,LU0290357929,XGIN:GR,DB X-TRACKERS II GLOBAL INFLATION LINKED BONDS UCITS (XGIN GR ETF),EUR,1283,Fizyczna,"0,25",Nie wypłaca
DEU-XETRA,IE00BNH72088,ZPRC:GR,SPDR THOMSON REUTERS GLOBAL CONVERTIBLE BOND UCITS (ZPRC GR ETF),EUR,967,Fizyczna,"0,50",Półrocznie
DEU-XETRA,IE00B74DQ490,IBC9:GR,ISHARES GLOBAL HIGH YIELD CORP BOND UCITS (IBC9 GR ETF),EUR,2093,Fizyczna,"0,50",Półrocznie
DEU-XETRA,IE00B3B8PX14,IUS5:GR,ISHARES GL INFL-L GOV BOND UCITS (IUS5 GR ETF),EUR,1279,Fizyczna,"0,20",Nie wypłaca
DEU-XETRA,IE000APK27S2,AEGE:GR,ISHARES GLOBAL AGGREGATE BOND ESG UCITS ETF EUR HEDGED (ACC) (AEGE GR ETF),EUR,1816,Fizyczna,"0,10",b. d.
DEU-XETRA,LU0942970798,XBAE:GR,XTRACKERS II GLOBAL AGGREGATE BOND SWAP UCITS ETF 5C - EUR HEDGED (XBAE GR ETF),EUR,679,Fizyczna,"0,15",Nie wypłaca
GBR-LSE,IE00B2NPKV68,IEMB:LN,ISHARES J.P. MORGAN USD EMERGING MARKETS BOND UCITS (IEMB LN ETF),USD,6577,Fizyczna,"0,45",Miesięcznie
GBR-LSE,IE00B3F81409,AGGG:LN,ISHARES CORE GLOBAL AGGREGATE BOND UCITS ETF USD (AGGG LN ETF),USD,7523,Fizyczna,"0,10",Półrocznie
GBR-LSE,IE00B5M4WH52,IEML:LN,ISHARES J.P. MORGAN EM LOCAL GOVT BOND UCITS (IEML LN ETF),USD,5452,Fizyczna,"0,50",Półrocznie
GBR-LSE,IE00BYM31M36,WING:LN,ISHARES FALLEN ANGELS HIGH YIELD CORP BOND UCITS (WING LN ETF),USD,971,Fizyczna,"0,50",Półrocznie
GPW-WWA,PLBETF200011,BETAW20S:PW,BETA ETF WIG20SHORT  (ETFBW20ST),PLN,8,Fizyczna,"2,23",Nie wypłaca
GBR-LSE,IE00B2NPKV68,IEMB:LN,ISHARES J.P. MORGAN USD EMERGING MARKETS BOND UCITS (IEMB LN ETF),USD,6577,Fizyczna,"0,45",Miesięcznie
GBR-LSE,IE00BFMXXD54,VUAA:LN,VANGUARD S&P 500 UCITS ACC (VUAA LN ETF),USD,39800,Fizyczna,"0,07",Nie wypłaca
GBR-LSE,IE00BYXYYK40,JPEA:LN,ISHARES J.P. MORGAN USD EMERGING MARKETS BOND UCITS ACC (JPEA LN ETF),USD,6577,Fizyczna,"0,45",Nie wypłaca
GBR-LSE,IE00BK5BQT80,VWRA:LN,VANGUARD FTSE ALL-WORLD UCITS ETF USD-ACC (VWRA LN ETF),USD,19053,Fizyczna,"0,22",Nie wypłaca
GBR-LSE,IE0032895942,LQDE:LN,ISHARES USD CORPORATE BOND UCITS (LQDE LN ETF),USD,8508,Fizyczna,"0,20",Kwartalnie
GBR-LSE,IE00BJ0KDQ92,XDWD:LN,XTRACKERS MSCI WORLD UCITS (XDWD LN ETF),USD,11663,Fizyczna,"0,19",Nie wypłaca
GBR-LSE,IE00BYXYYL56,IHYA:LN,ISHARES USD HIGH YIELD CORPORATE BOND UCITS ACC (IHYA LN ETF),USD,5318,Fizyczna,"0,50",Nie wypłaca
GBR-LSE,IE00B4PY7Y77,IHYU:LN,ISHARES USD HIGH YIELD CORPORATE BOND UCITS (IHYU LN ETF),USD,5318,Fizyczna,"0,50",Półrocznie
GBR-LSE,IE00B53SZB19,CNDX:LN,ISHARES NASDAQ 100 USD ACC (CNDX LN ETF),USD,10329,Fizyczna,"0,33",Nie wypłaca
GBR-LSE,IE00BYXYYP94,SDIA:LN,ISHARES USD SHORT DURATION CORPORATE BOND UCITS ETF ACC (SDIA LN ETF),USD,5730,Fizyczna,"0,20",Nie wypłaca
GBR-LSE,IE00B6R52259,ISAC:LN,ISHARES MSCI ACWI UCITS (ISAC LN ETF),USD,8443,Fizyczna,"0,20",Nie wypłaca
GBR-LSE,JE00B1VS3770,PHAU:LN,WISDOMTREE PHYSICAL GOLD (PHAU LN ETF),USD,4348,Fizyczna,"0,39",Nie wypłaca
GBR-LSE,IE00B3F81409,AGGG:LN,ISHARES CORE GLOBAL AGGREGATE BOND UCITS ETF USD (AGGG LN ETF),USD,7523,Fizyczna,"0,10",Półrocznie
GBR-LSE,IE00B5M4WH52,IEML:LN,ISHARES J.P. MORGAN EM LOCAL GOVT BOND UCITS (IEML LN ETF),USD,5452,Fizyczna,"0,50",Półrocznie
GBR-LSE,IE00BYXPSP02,IBTA:LN,ISHARES USD TREASURY 1-3Y (IBTA LN ETF),USD,9817,Fizyczna,"0,07",Nie wypłaca
GBR-LSE,IE00B6YX5C33,SPY5:LN,SPDR S&P 500 UCITS (SPY5 LN ETF),USD,5878,Fizyczna,"0,09",Kwartalnie
GBR-LSE,LU1452600270,TIPU:LN,LYXOR CORE US TIPS UCITS (TIPU LN ETF),USD,1662,Fizyczna,"0,09",Rocznie
GBR-LSE,IE00BYZK4552,RBOT:LN,ISHARES AUTOMATION & ROBOTICS UCITS (RBOT LN ETF),USD,3181,Fizyczna,"0,40",Nie wypłaca
GBR-LSE,IE00B8FHGS14,MVOL:LN,ISHARES EDGE MSCI WORLD MINIMUM VOLATILITY UCITS (MVOL LN ETF),USD,3060,Fizyczna,"0,30",Nie wypłaca
GBR-LSE,IE00BDFGJ627,FLOA:LN,ISHARES USD FLOATING RATE BOND UCITS ETF USD ACC (FLOA LN ETF),USD,2306,Fizyczna,"0,10",Nie wypłaca
GBR-LSE,IE00BF4RFH31,WSML:LN,ISHARES MSCI WORLD SMALL CAP UCITS (WSML LN ETF),USD,3142,Fizyczna,"0,35",Nie wypłaca
GBR-LSE,IE00B52MJY50,CPXJ:LN,ISHARES CORE MSCI PACIFIC EX-JAPAN UCITS (CPXJ LN ETF),USD,2480,Fizyczna,"0,20",Nie wypłaca
GBR-LSE,IE00BK5BR733,VFEA:LN,VANGUARD FTSE EMERGING MARKETS UCITS ETF ACC (VFEA LN ETF),USD,2648,Fizyczna,"0,22",Nie wypłaca
GBR-LSE,IE00B3VVMM84,VDEM:LN,VANGUARD FTSE EMERGING MARKETS UCITS (VDEM LN ETF),USD,2648,Fizyczna,"0,22",Kwartalnie
GBR-LSE,IE00B6YX5D40,UDVD:LN,SPDR S&P US DIVIDEND ARISTOCRATS UCITS (UDVD LN ETF),USD,4089,Fizyczna,"0,35",Kwartalnie
GBR-LSE,JE00B1VS3333,PHAG:LN,WISDOMTREE PHYSICAL SILVER (PHAG LN ETF),USD,1229,Fizyczna,"0,49",Nie wypłaca
GBR-LSE,IE00BYPLS672,USPY:LN,L&G CYBER SECURITY UCITS (USPY LN ETF),USD,2565,Fizyczna,"0,69",Nie wypłaca
GBR-LSE,IE00BQT3WG13,CNYA:LN,ISHARES MSCI CHINA A UCITS (CNYA LN ETF),USD,2430,Fizyczna,"0,40",Nie wypłaca
GBR-LSE,IE00BSKRJZ44,IDTL:LN,ISHARES USD TREASURY 20PLUS YR UCITS (IDTL LN ETF),USD,5238,Fizyczna,"0,07",Półrocznie
GBR-LSE,IE00B3WJKG14,IUIT:LN,ISHARES S&P 500 IT SECTOR UCITS (IUIT LN ETF),USD,3915,Fizyczna,"0,15",Nie wypłaca
GBR-LSE,IE00BYVJRP78,SUSM:LN,ISHARES MSCI EM SRI UCITS (SUSM LN ETF),USD,4060,Fizyczna,"0,25",Nie wypłaca
GBR-LSE,IE00B3VWN393,CBU7:LN,ISHARES USD TREASURY BOND 3-7YR ( CBU7 LN ETF),USD,6012,Fizyczna,"0,07",Nie wypłaca
GBR-LSE,IE00B1TXK627,DH2O:LN,ISHARES GLOBAL WATER UCITS (DH2O LN ETF),USD,2084,Fizyczna,"0,65",Półrocznie
GBR-LSE,IE00BJ38QD84,R2US:LN,SPDR RUSSELL 2000 U.S. SMALL CAP UCITS (R2US LN ETF),USD,1923,Fizyczna,"0,30",Nie wypłaca
GBR-LSE,IE00BYXYYM63,IUAA:LN,ISHARES US AGGREGATE BOND UCITS ETF ACC (IUAA LN ETF),USD,4347,Fizyczna,"0,25",Nie wypłaca
GBR-LSE,IE00BYXYYN70,IMBA:LN,ISHARES US MORTGAGE BACKED SECURITIES UCITS ACC (IMBA LN ETF),USD,2229,Fizyczna,"0,28",Nie wypłaca
GBR-LSE,IE00BYM31M36,WING:LN,ISHARES FALLEN ANGELS HIGH YIELD CORP BOND UCITS (WING LN ETF),USD,971,Fizyczna,"0,50",Półrocznie
GBR-LSE,IE00BYZK4883,DGTL:LN,ISHARES DIGITALISATION UCITS (DGTL LN ETF),USD,984,Fizyczna,"0,40",Nie wypłaca
GBR-LSE,IE00B466KX20,EMAD:LN,SPDR MSCI EMERGING MARKETS ASIA UCITS (EMAD LN ETF),USD,1021,Fizyczna,"0,55",Nie wypłaca
GBR-LSE,IE00BP3QZ601,IWQU:LN,ISHARES EDGE MSCI WORLD QUALITY FACTOR UCITS (IWQU LN ETF),USD,2650,Fizyczna,"0,30",Nie wypłaca
GBR-LSE,IE00B2QWCY14,IDP6:LN,ISHARES S&P SMALL CAP 600 UCITS (IDP6 LN ETF),USD,1186,Fizyczna,"0,40",Półrocznie
GBR-LSE,IE00BF2FN646,TREX:LN,INVESCO US TRES 7-10 YR DIST (TREX LN ETF),USD,3457,Fizyczna,"0,06",Kwartalnie
GBR-LSE,IE00BG0J4C88,LOCK:LN,ISHARES DIGITAL SECURITY UCITS (LOCK LN ETF),USD,1830,Fizyczna,"0,40",Nie wypłaca
GBR-LSE,IE00B14X4M10,IDNA:LN,ISHARES MSCI NORTH AMERICA UCITS (IDNA LN ETF),USD,989,Fizyczna,"0,40",Kwartalnie
GBR-LSE,IE00B42NKQ00,IUES:LN,ISHARES S&P 500 ENERGY SECTOR UCITS ETF (ACC) (IUES LN ETF),USD,977,Fizyczna,"0,15",Nie wypłaca
GBR-LSE,IE00BZ56RG20,DGRA:LN,WISDOMTREE US QUALITY DIV GROWTH UCITS ETF USD ACC (DGRA LN ETF),USD,467,Fizyczna,"0,33",Nie wypłaca
GBR-LSE,IE00BGBN6P67,BCHN:LN,INVESCO ELWOOD GLOBAL BLOCKCHAIN UCITS (BCHN LN ETF),USD,474,Fizyczna,"0,65",Nie wypłaca
GBR-LSE,IE00BKX55T58,VDEV:LN,VANGUARD FTSE DEVELOPED WORLD UCITS (VDEV LN ETF),USD,3230,Fizyczna,"0,12",Kwartalnie
GBR-LSE,IE00B43HR379,IUHC:LN,ISHARES S&P 500 HEALTH CARE SECTOR UCITS ETF (ACC) (IUHC LN ETF),USD,2471,Fizyczna,"0,15",Nie wypłaca
GBR-LSE,IE00B4JNQZ49,IUFS:LN,ISHARES S&P 500 FINANCIALS SECTOR UCITS (IUFS LN ETF),USD,970,Fizyczna,"0,15",Nie wypłaca
GBR-LSE,IE00B4YBJ215,SPY4:LN,SPDR S&P 400 US MID CAP UCITS (SPY4 LN ETF),USD,1754,Fizyczna,"0,30",Nie wypłaca
GBR-LSE,IE00B1TXHL60,IDPE:LN,ISHARES LISTED PRIVATE EQUITY UCITS ETF (IDPE LN ETF),USD,617,Fizyczna,"0,75",Półrocznie
GBR-LSE,IE00BQQP9H09,MOAT:LN,VANECK VECTORS MORNINGSTAR US WIDE MOAT UCITS ETF (MOAT LN ETF),USD,548,Fizyczna,"0,49",Nie wypłaca
GBR-LSE,IE00B40B8R38,IUCS:LN,ISHARES S&P 500 CONSUMER STAPLES SECTOR UCITS ETF (IUCS LN ETF),USD,595,Fizyczna,"0,15",Nie wypłaca
GBR-LSE,IE00BD1F4N50,IUMO:LN,ISHARES EDGE MSCI USA MOMENTUM FACTOR UCITS (IUMO LN ETF),USD,278,Fizyczna,"0,20",Nie wypłaca
GBR-LSE,IE00B52SF786,CCAU:LN,ISHARES MSCI CANADA UCITS (CCAU LN ETF),USD,977,Fizyczna,"0,48",Nie wypłaca
GBR-LSE,IE00BF2GFH28,TRES:LN,INVESCO US TREASURY DIST (TRES LN ETF),USD,956,Fizyczna,"0,06",Kwartalnie
GBR-LSE,IE00BZ56RN96,GGRP:LN,WISDOMTREE GLOBAL QUALITY DIVIDEND GROWTH UCITS ETF - USD (GGRP LN ETF),USD,739,Fizyczna,"0,38",Półrocznie
GBR-LSE,IE00BHZRR030,FLXK:LN,FRANKLIN FTSE KOREA UCITS (FLXK LN ETF),USD,434,Fizyczna,"0,09",Nie wypłaca
GBR-LSE,JE00B1VS2W53,PHPT:LN,WISDOMTREE PHYSICAL PLATINUM (PHPT LN ETF),USD,378,Fizyczna,"0,49",Nie wypłaca
GBR-LSE,IE00BZCQB185,NDIA:LN,ISHARES MSCI INDIA UCITS ETF USD (ACC) (NDIA LN ETF),USD,2171,Fizyczna,"0,65",Nie wypłaca
GBR-LSE,IE00BF0M2Z96,BATT:LN,L&G BATTERY VALUE-CHAIN UCITS  (BATT LN ETF),USD,912,Fizyczna,"0,49",Nie wypłaca
GBR-LSE,IE00BQQP9F84,GDX:LN,VANECK VECTORS GOLD MINERS UCITS ETF (GDX LN ETF),USD,703,Fizyczna,"0,53",Nie wypłaca
GBR-LSE,IE00BJGWQN72,WCLD:LN,WISDOMTREE CLOUD COMPUTING UCITS ETF - USD ACC  (WCLD LN ETF),USD,367,Fizyczna,"0,40",Nie wypłaca
GBR-LSE,IE00BYZK4669,AGED:LN,ISHARES AGEING POPULATION UCITS (AGED LN ETF),USD,738,Fizyczna,"0,40",Nie wypłaca
GBR-LSE,IE00B9CQXS71,GLDV:LN,SPDR GLOBAL DIVIDEND ARISTOCRATS (GLDV LN ETF),USD,1043,Fizyczna,"0,45",Kwartalnie
GBR-LSE,IE00B9F5YL18,VDPX:LN,VANGUARD FTSE DEVELOPED ASIA PACIFIC EX JAPAN UCITS  (VDPX LN ETF),USD,1272,Fizyczna,"0,15",Kwartalnie
GBR-LSE,IE00BYXVGY31,FUSA:LN,FIDELITY US QUALITY INCOME UCITS (FUSA LN ETF),USD,1232,Fizyczna,"0,25",b. d.
GBR-LSE,IE00B4MCHD36,IUCD:LN,ISHARES S&P 500 CONSUMER DISCRETIONARY SECTOR UCITS ETF ACC  (IUCD LN ETF),USD,416,Fizyczna,"0,15",Nie wypłaca
GBR-LSE,IE00BGL86Z12,ECAR:LN,ISHARES ELECTRIC VEHICLES & DRIVING TECHNOLOGY UCITS (ECAR LN ETF),USD,805,Fizyczna,"0,40",Nie wypłaca
GBR-LSE,IE00BGYWFS63,VDTA:LN,VANGUARD USD TREASURY BOND UCITS ETF ACC (VDTA LN ETF),USD,1877,Fizyczna,"0,07",Nie wypłaca
GBR-LSE,IE00BZ163M45,VDTY:LN,VANGUARD USD TREASURY BOND UCITS (VDTY LN ETF),USD,1877,Fizyczna,"0,07",Miesięcznie
GBR-LSE,IE00BD3V0B10,BNKS:LN,ISHARES S&P U.S. BANKS UCITS ETF ACC (BNKS LN ETF),USD,336,Fizyczna,"0,35",Nie wypłaca
GBR-LSE,IE00B469F816,EMRD:LN,SPDR MSCI EMERGING MARKETS UCITS (EMRD LN ETF),USD,340,Fizyczna,"0,18",Nie wypłaca
GBR-LSE,IE00B4NCWG09,ISLN:LN,ISHARES PHYSICAL SILVER ETC (ISLN LN ETF),USD,453,Fizyczna,"0,20",Nie wypłaca
GBR-LSE,IE00B5377D42,IAUS:LN,ISHARES MSCI AUSTRALIA UCITS (IAUS LN ETF),USD,481,Fizyczna,"0,50",Nie wypłaca
GBR-LSE,IE00BF0M6N54,ECOM:LN,L&G ECOMMERCE LOGISTICS UCITS (ECOM LN ETF),USD,295,Fizyczna,"0,49",Nie wypłaca
GBR-LSE,IE00BDVPNG13,WTAI:LN,WISDOMTREE ARTIFICIAL INTELLIGENCE UCITS ETF - USD ACC (WTAI LN ETF),USD,570,Fizyczna,"0,40",Nie wypłaca
GBR-LSE,IE00B652H904,IEDY:LN,ISHARES EMERGING MARKETS DIVIDEND UCITS (IEDY LN ETF),USD,526,Fizyczna,"0,65",Kwartalnie
GBR-LSE,IE00BYXG2H39,BTEC:LN,ISHARES NASDAQ US BIOTECHNOLOGY UCITS (BTEC LN ETF),USD,441,Fizyczna,"0,35",Nie wypłaca
GBR-LSE,IE00BKLF1R75,VOLT:LN,WISDOMTREE BATTERY SOLUTIONS UCITS ETF - USD ACC (VOLT LN ETF),USD,301,Fizyczna,"0,40",Nie wypłaca
GBR-LSE,XS2115336336,RMAU:LN,THE ROYAL MINT PHYSICAL GOLD ETC SECURITIES (RMAU LN ETF),USD,828,Fizyczna,"0,25",Nie wypłaca
GBR-LSE,IE00BYTRR863,WNRG:LN,SPDR WORLD ENERGY UCITS (WNRG LN ETF),USD,465,Fizyczna,"0,30",Nie wypłaca
GBR-LSE,IE00B4KBBD01,IUUS:LN,ISHARES S&P 500 UTILITIES SECTOR UCITS ETF (IUUS LN ETF),USD,241,Fizyczna,"0,15",Nie wypłaca
GBR-LSE,IE00B4LN9N13,IUIS:LN,ISHARES S&P 500 INDUSTRIALS SECTOR UCITS ETF (IUIS LN ETF),USD,209,Fizyczna,"0,15",Nie wypłaca
GBR-LSE,IE00B9KNR336,ASDV:LN,APDR S&P PAN ASIA DIVIDEND ARISTOCRATS UCITS (ASDV LN ETF),USD,155,Fizyczna,"0,55",Półrocznie
GBR-LSE,JE00B1VS3002,PHPD:LN,WISDOMTREE PHYSICAL PALLADIUM (PHPD LN ETF),USD,110,Fizyczna,"0,49",Nie wypłaca
GBR-LSE,IE00BMC38736,SMH:LN,VANECK VECTORS SEMICONDUCTOR UCITS ETF  (SMH LN ETF),USD,961,Fizyczna,"0,35",Nie wypłaca
GBR-LSE,JE00B1VS3W29,PHPM:LN,WISDOMTREE PHYSICAL PRECIOUS METALS (PHPM LN ETF),USD,135,Fizyczna,"0,44",Nie wypłaca
GBR-LSE,IE00BDFBTQ78,GDIG:LN,VANECK VECTORS GLOBAL MINING UCITS A (GDIG LN ETF),USD,515,Fizyczna,"0,50",Nie wypłaca
GBR-LSE,IE00B52XQP83,IRSA:LN,ISHARES MSCI SOUTH AFRICA UCITS (IRSA LN ETF),USD,54,Fizyczna,"0,65",Nie wypłaca
GBR-LSE,IE00B6R52143,ISAG:LN,ISHARES AGRIBUSINESS UCITS (ISAG LN ETF),USD,657,Fizyczna,"0,55",Nie wypłaca
GBR-LSE,IE00B23D8S39,PRUS:LN,INVESCO FTSE RAFI US 1000 (PRUS LN ETF),USD,439,Fizyczna,"0,39",Kwartalnie
GBR-LSE,NL0011683594,TDIV:LN,VANECK MORNINGSTAR DEVELOPED MARKETS DIVIDEND LEADERS UCITS ETF (TDIV LN ETF),USD,421,Fizyczna,"0,38",Kwartalnie
GBR-LSE,IE00B99FL386,SJNK:LN,SPDR BLOOMBERG SASB U.S. HY CORP ESG UCITS ETF DIS (SJNK LN ETF),USD,194,Fizyczna,"0,30",Półrocznie
GBR-LSE,IE00BDDRF478,IUCM:LN,ISHARES S&P 500 COMMUNICATION SECTOR UCITS ETF USD (ACC) (IUCM LN ETF),USD,163,Fizyczna,"0,15",Nie wypłaca
GBR-LSE,IE00B4MKCJ84,IUMS:LN,ISHARES S&P 500 MATERIAL SECTOR UCITS ETF (IUMS LN ETF),USD,143,Fizyczna,"0,15",Nie wypłaca
GBR-LSE,IE00BMDH1538,HDRO:LN,VANECK HYDROGEN ETF (HDRO LN ETF),USD,100,Fizyczna,"0,55",Nie wypłaca
GBR-LSE,IE00BDDRF700,ITEK:LN,HAN-GINS TECH MEGATREND EQUAL WEIGHT UCITS (ITEK LN ETF),USD,78,Fizyczna,"0,59",Nie wypłaca
GBR-LSE,LU2023678449,GENY:LN,LYXOR MSCI MILLENNIALS ESG FILTERED (DR) UCITS (GENY LN ETF),USD,51,Fizyczna,"0,45",Nie wypłaca
GBR-LSE,IE00BF5DXP42,LEGR:LN,FIRST TRUST INDXX INNOVATIVE TRANSACTION & PROCESS UCITS (LEGR LN ETF),USD,82,Fizyczna,"0,65",Nie wypłaca
GBR-LSE,IE00B4M7GH52,IPOL:LN,ISHARES MSCI POLAND UCITS (IPOL LN ETF),USD,54,Fizyczna,"0,74",Nie wypłaca
GBR-LSE,IE00B46G8275,HIDD:LN,HSBC MSCI INDONESIA UCITS (HIDD LN ETF),USD,99,Fizyczna,"0,50",Półrocznie
GBR-LSE,IE0005YK6564,URNM:LN,SPROTT URANIUM MINERS UCITS ETF USD ACC (URNM LN ETF),USD,90,Fizyczna,"0,85",Nie wypłaca
GPW-WWA,LU0252633754,LYXDAX:PW,LYXOR DAX (DR) UCITS ETF - ACC (ETFDAX),PLN,683,Fizyczna,"0,15",Nie wypłaca
GPW-WWA,PLBETF400025,BETAM40T:PW,BETA ETF MWIG40 TOTAL RETURN  (ETFBM40TR),PLN,45,Fizyczna,"1,09",Nie wypłaca
GPW-WWA,PLBTETF00015,BETAW20T:PW,BETA ETF WIG20 TOTAL RETURN  (ETFBW20TR),PLN,24,Fizyczna,"0,89",Nie wypłaca
GPW-WWA,PLBETF200011,BETAW20S:PW,BETA ETF WIG20SHORT  (ETFBW20ST),PLN,8,Fizyczna,"2,23",Nie wypłaca
GPW-WWA,PLBSWTR00014,ETFBS80T:PW,BETA ETF SWIG80 TOTAL RETURN  (ETFBS80TR),PLN,9,Fizyczna,"1,40",Nie wypłaca
GPW-WWA,PLBETWT00010,ETFBWTEC:PW,BETA ETF WIGTECH  (ETFBWTECH),PLN,2,Fizyczna,"1,20",Nie wypłaca
GPW-WWA,PLBTBSP00012,ETFBTBSP:PW,BETA ETF TBSP  (ETFBTBSP),PLN,12,Fizyczna,"0,50",Nie wypłaca
